"p|q|w","TS.","OWD.|MEMBYTES|wdogscheduled?","QDELAY.|NPKTS|NTOOEARLY","CHANCE|handover?|N50US","ecnin|BWLIM|N1MS","ecnout|TSOFS.|N4MS","bit5?|-|NLATER","mark?|-|(THISDELAY)","drop?|-|(&F8)","flow|-|-","PKTLEN|-|-"
"q"	799065.876716547	768	1	0	13223136	1672047305.972186519
"p"	799065.876723650	0.000007168	0.000006144	0	"00"	"00"	0	0	0	"IPv6 x3A [fec0::2]->[fec0::1]"	118
"p"	799065.876974902	0.000001024	0.000001024	0	"00"	"00"	0	0	0	"IPv6 x3A [fec0::2]->[fec0::1]"	86
"q"	799066.903504033	768	1	0	14159288	1672047305.972186519
"p"	799066.903507133	0.000003072	0.000003072	0	"00"	"00"	0	0	0	"IPv6 x3A [fec0::2]->[fec0::1]"	118
"q"	799067.927438374	768	1	0	14953264	1672047305.972186519
"p"	799067.927440187	0.000002048	0.000001024	0	"00"	"00"	0	0	0	"IPv6 x3A [fec0::2]->[fec0::1]"	118
"q"	799088.356444115	768	1	0	13445376	1672047305.972186519
"p"	799088.356447221	0.000004096	0.000003072	0	"00"	"00"	0	0	0	"IPv4 x01 [10.82.222.130]->[10.82.222.129]"	98
"q"	799089.367367904	768	1	0	14362656	1672047305.972186519
"p"	799089.367370191	0.000002048	0.000002048	0	"00"	"00"	0	0	0	"IPv4 x01 [10.82.222.130]->[10.82.222.129]"	98
"q"	799090.391438801	768	1	0	14760144	1672047305.972186519
"p"	799090.391441270	0.000003072	0.000002048	0	"00"	"00"	0	0	0	"IPv4 x01 [10.82.222.130]->[10.82.222.129]"	98
"q"	799093.457684408	768	1	0	11994000	1672047305.972186519
"p"	799093.457687137	0.000003072	0.000003072	0			0	0	0	"noIP"	42
"q"	799093.591439751	0	0	0	11869432	1672047305.972186519
"p"	799093.591441150	0.000003072	0.000002048	0			0	0	0	"noIP"	42
"q"	799096.830417006	768	1	0	8938544	1672047305.972186519
"p"	799096.830420428	0.000003072	0.000003072	0	"00"	"00"	0	0	0	"IPv4 UDP [10.82.222.130]:60350->[10.82.222.129]:5001"	118
"p"	799096.831076222	0.000607232	0.000606208	0	"00"	"00"	0	0	0	"IPv4 UDP [10.82.222.130]:60350->[10.82.222.129]:5001"	1512
"p"	799096.841717861	0.000001024	0.000001024	0	"00"	"00"	0	0	0	"IPv4 UDP [10.82.222.130]:60350->[10.82.222.129]:5001"	1512
"q"	799096.853013321	0	0	0	8928568	1672047305.972186519
"p"	799096.853014237	0.000001024	0.000001024	0	"00"	"00"	0	0	0	"IPv4 UDP [10.82.222.130]:60350->[10.82.222.129]:5001"	1512
"q"	799096.864235718	0	0	0	8918616	1672047305.972186519
"p"	799096.864236636	0.000002048	0.000002048	0	"00"	"00"	0	0	0	"IPv4 UDP [10.82.222.130]:60350->[10.82.222.129]:5001"	1512
"q"	799096.875502201	0	0	0	8908680	1672047305.972186519
"p"	799096.875503115	0.000002048	0.000002048	0	"00"	"00"	0	0	0	"IPv4 UDP [10.82.222.130]:60350->[10.82.222.129]:5001"	1512
"q"	799096.886716277	0	0	0	8898776	1672047305.972186519
"p"	799096.886717190	0.000002048	0.000001024	0	"00"	"00"	0	0	0	"IPv4 UDP [10.82.222.130]:60350->[10.82.222.129]:5001"	1512
"q"	799096.897887369	0	0	0	8888888	1672047305.972186519
"p"	799096.897888265	0.000002048	0.000002048	0	"00"	"00"	0	0	0	"IPv4 UDP [10.82.222.130]:60350->[10.82.222.129]:5001"	1512
"q"	799096.909110285	0	0	0	8869176	1672047305.972186519
"p"	799096.909111213	0.000002048	0.000001024	0	"00"	"00"	0	0	0	"IPv4 UDP [10.82.222.130]:60350->[10.82.222.129]:5001"	1512
"q"	799096.920365715	0	0	0	8859352	1672047305.972186519
"p"	799096.920366636	0.000002048	0.000002048	0	"00"	"00"	0	0	0	"IPv4 UDP [10.82.222.130]:60350->[10.82.222.129]:5001"	1512
"q"	799096.931585037	0	0	0	8849552	1672047305.972186519
"p"	799096.931585933	0.000002048	0.000001024	0	"00"	"00"	0	0	0	"IPv4 UDP [10.82.222.130]:60350->[10.82.222.129]:5001"	1512
"q"	799096.942761488	0	0	0	8839776	1672047305.972186519
"p"	799096.942762406	0.000002048	0.000002048	0	"00"	"00"	0	0	0	"IPv4 UDP [10.82.222.130]:60350->[10.82.222.129]:5001"	1512
"q"	799096.953977585	0	0	0	8830016	1672047305.972186519
"p"	799096.953978503	0.000002048	0.000002048	0	"00"	"00"	0	0	0	"IPv4 UDP [10.82.222.130]:60350->[10.82.222.129]:5001"	1512
"p"	799096.965253987	0.000002048	0.000001024	0	"00"	"00"	0	0	0	"IPv4 UDP [10.82.222.130]:60350->[10.82.222.129]:5001"	1512
"q"	799096.976461763	0	0	0	8820280	1672047305.972186519
"p"	799096.976462671	0.000002048	0.000001024	0	"00"	"00"	0	0	0	"IPv4 UDP [10.82.222.130]:60350->[10.82.222.129]:5001"	1512
"q"	799096.987656908	0	0	0	8810568	1672047305.972186519
"p"	799096.987657821	0.000002048	0.000002048	0	"00"	"00"	0	0	0	"IPv4 UDP [10.82.222.130]:60350->[10.82.222.129]:5001"	1512
"q"	799096.998926325	0	0	0	8791208	1672047305.972186519
"p"	799096.998927234	0.000002048	0.000001024	0	"00"	"00"	0	0	0	"IPv4 UDP [10.82.222.130]:60350->[10.82.222.129]:5001"	1512
"q"	799097.010113581	0	0	0	8781552	1672047305.972186519
"p"	799097.010114480	0.000002048	0.000001024	0	"00"	"00"	0	0	0	"IPv4 UDP [10.82.222.130]:60350->[10.82.222.129]:5001"	1512
"q"	799097.021285907	0	0	0	8771928	1672047305.972186519
"p"	799097.021286826	0.000002048	0.000002048	0	"00"	"00"	0	0	0	"IPv4 UDP [10.82.222.130]:60350->[10.82.222.129]:5001"	1512
"q"	799097.032523042	0	0	0	8762320	1672047305.972186519
"p"	799097.032523954	0.000002048	0.000002048	0	"00"	"00"	0	0	0	"IPv4 UDP [10.82.222.130]:60350->[10.82.222.129]:5001"	1512
"q"	799097.043727330	0	0	0	8752728	1672047305.972186519
"p"	799097.043728248	0.000002048	0.000001024	0	"00"	"00"	0	0	0	"IPv4 UDP [10.82.222.130]:60350->[10.82.222.129]:5001"	1512
"q"	799097.054983868	0	0	0	8743168	1672047305.972186519
"p"	799097.054984784	0.000002048	0.000002048	0	"00"	"00"	0	0	0	"IPv4 UDP [10.82.222.130]:60350->[10.82.222.129]:5001"	1512
"q"	799097.066133463	0	0	0	8733624	1672047305.972186519
"p"	799097.066134377	0.000002048	0.000001024	0	"00"	"00"	0	0	0	"IPv4 UDP [10.82.222.130]:60350->[10.82.222.129]:5001"	1512
"q"	799097.077377978	0	0	0	8724096	1672047305.972186519
"p"	799097.077378888	0.000002048	0.000001024	0	"00"	"00"	0	0	0	"IPv4 UDP [10.82.222.130]:60350->[10.82.222.129]:5001"	1512
"q"	799097.088591748	0	0	0	8714592	1672047305.972186519
"p"	799097.088592655	0.000002048	0.000001024	0	"00"	"00"	0	0	0	"IPv4 UDP [10.82.222.130]:60350->[10.82.222.129]:5001"	1512
"q"	799097.099794445	0	0	0	8695648	1672047305.972186519
"p"	799097.099795356	0.000002048	0.000001024	0	"00"	"00"	0	0	0	"IPv4 UDP [10.82.222.130]:60350->[10.82.222.129]:5001"	1512
"q"	799097.111051982	0	0	0	8686208	1672047305.972186519
"p"	799097.111052890	0.000002048	0.000002048	0	"00"	"00"	0	0	0	"IPv4 UDP [10.82.222.130]:60350->[10.82.222.129]:5001"	1512
"p"	799097.122269462	0.000001024	0.000001024	0	"00"	"00"	0	0	0	"IPv4 UDP [10.82.222.130]:60350->[10.82.222.129]:5001"	1512
"q"	799097.133411743	0	0	0	8676784	1672047305.972186519
"p"	799097.133412671	0.000002048	0.000002048	0	"00"	"00"	0	0	0	"IPv4 UDP [10.82.222.130]:60350->[10.82.222.129]:5001"	1512
"q"	799097.144650592	0	0	0	8667384	1672047305.972186519
"p"	799097.144651729	0.000003072	0.000002048	0	"00"	"00"	0	0	0	"IPv4 UDP [10.82.222.130]:60350->[10.82.222.129]:5001"	1512
"q"	799097.155824155	0	0	0	8658008	1672047305.972186519
"p"	799097.155825089	0.000002048	0.000002048	0	"00"	"00"	0	0	0	"IPv4 UDP [10.82.222.130]:60350->[10.82.222.129]:5001"	1512
"q"	799097.167118833	0	0	0	8648648	1672047305.972186519
"p"	799097.167119748	0.000002048	0.000002048	0	"00"	"00"	0	0	0	"IPv4 UDP [10.82.222.130]:60350->[10.82.222.129]:5001"	1512
"q"	799097.178291279	0	0	0	8639304	1672047305.972186519
"p"	799097.178292222	0.000002048	0.000001024	0	"00"	"00"	0	0	0	"IPv4 UDP [10.82.222.130]:60350->[10.82.222.129]:5001"	1512
"q"	799097.189638107	0	0	0	8620688	1672047305.972186519
"p"	799097.189639003	0.000002048	0.000001024	0	"00"	"00"	0	0	0	"IPv4 UDP [10.82.222.130]:60350->[10.82.222.129]:5001"	1512
"q"	799097.200686890	0	0	0	8611408	1672047305.972186519
"p"	799097.200687795	0.000001024	0.000001024	0	"00"	"00"	0	0	0	"IPv4 UDP [10.82.222.130]:60350->[10.82.222.129]:5001"	1512
"q"	799097.211879787	0	0	0	8602144	1672047305.972186519
"p"	799097.211880688	0.000002048	0.000002048	0	"00"	"00"	0	0	0	"IPv4 UDP [10.82.222.130]:60350->[10.82.222.129]:5001"	1512
"q"	799097.223107022	0	0	0	8592904	1672047305.972186519
"p"	799097.223107921	0.000002048	0.000002048	0	"00"	"00"	0	0	0	"IPv4 UDP [10.82.222.130]:60350->[10.82.222.129]:5001"	1512
"q"	799097.234312294	0	0	0	8583688	1672047305.972186519
"p"	799097.234313207	0.000002048	0.000001024	0	"00"	"00"	0	0	0	"IPv4 UDP [10.82.222.130]:60350->[10.82.222.129]:5001"	1512
"q"	799097.245638193	0	0	0	8574488	1672047305.972186519
"p"	799097.245639091	0.000002048	0.000002048	0	"00"	"00"	0	0	0	"IPv4 UDP [10.82.222.130]:60350->[10.82.222.129]:5001"	1512
"q"	799097.256745505	0	0	0	8565304	1672047305.972186519
"p"	799097.256746384	0.000002048	0.000002048	0	"00"	"00"	0	0	0	"IPv4 UDP [10.82.222.130]:60350->[10.82.222.129]:5001"	1512
"q"	799097.267960236	0	0	0	8556144	1672047305.972186519
"p"	799097.267961126	0.000002048	0.000002048	0	"00"	"00"	0	0	0	"IPv4 UDP [10.82.222.130]:60350->[10.82.222.129]:5001"	1512
"q"	799097.279191768	0	0	0	8537880	1672047305.972186519
"p"	799097.279192666	0.000002048	0.000002048	0	"00"	"00"	0	0	0	"IPv4 UDP [10.82.222.130]:60350->[10.82.222.129]:5001"	1512
"q"	799097.290386426	0	0	0	8528784	1672047305.972186519
"p"	799097.290387339	0.000002048	0.000001024	0	"00"	"00"	0	0	0	"IPv4 UDP [10.82.222.130]:60350->[10.82.222.129]:5001"	1512
"q"	799097.301633623	0	0	0	8519696	1672047305.972186519
"p"	799097.301634513	0.000002048	0.000002048	0	"00"	"00"	0	0	0	"IPv4 UDP [10.82.222.130]:60350->[10.82.222.129]:5001"	1512
"q"	799097.312826100	0	0	0	8510632	1672047305.972186519
"p"	799097.312827001	0.000002048	0.000002048	0	"00"	"00"	0	0	0	"IPv4 UDP [10.82.222.130]:60350->[10.82.222.129]:5001"	1512
"q"	799097.324042925	0	0	0	8501592	1672047305.972186519
"p"	799097.324043823	0.000002048	0.000002048	0	"00"	"00"	0	0	0	"IPv4 UDP [10.82.222.130]:60350->[10.82.222.129]:5001"	1512
"q"	799097.335287853	0	0	0	8492568	1672047305.972186519
"p"	799097.335288751	0.000002048	0.000001024	0	"00"	"00"	0	0	0	"IPv4 UDP [10.82.222.130]:60350->[10.82.222.129]:5001"	1512
"q"	799097.346500664	0	0	0	8483560	1672047305.972186519
"p"	799097.346501558	0.000002048	0.000001024	0	"00"	"00"	0	0	0	"IPv4 UDP [10.82.222.130]:60350->[10.82.222.129]:5001"	1512
"q"	799097.357771364	0	0	0	8474576	1672047305.972186519
"p"	799097.357772245	0.000002048	0.000002048	0	"00"	"00"	0	0	0	"IPv4 UDP [10.82.222.130]:60350->[10.82.222.129]:5001"	1512
"q"	799097.368894727	0	0	0	8456656	1672047305.972186519
"p"	799097.368895607	0.000002048	0.000002048	0	"00"	"00"	0	0	0	"IPv4 UDP [10.82.222.130]:60350->[10.82.222.129]:5001"	1512
"q"	799097.380123935	0	0	0	8447728	1672047305.972186519
"p"	799097.380124848	0.000002048	0.000002048	0	"00"	"00"	0	0	0	"IPv4 UDP [10.82.222.130]:60350->[10.82.222.129]:5001"	1512
"q"	799097.391399801	0	0	0	8438816	1672047305.972186519
"p"	799097.391400701	0.000001024	0.000001024	0	"00"	"00"	0	0	0	"IPv4 UDP [10.82.222.130]:60350->[10.82.222.129]:5001"	1512
"q"	799097.402615289	0	0	0	8429920	1672047305.972186519
"p"	799097.402616184	0.000002048	0.000002048	0	"00"	"00"	0	0	0	"IPv4 UDP [10.82.222.130]:60350->[10.82.222.129]:5001"	1512
"q"	799097.413831381	0	0	0	8421048	1672047305.972186519
"p"	799097.413832276	0.000002048	0.000002048	0	"00"	"00"	0	0	0	"IPv4 UDP [10.82.222.130]:60350->[10.82.222.129]:5001"	1512
"q"	799097.425069989	0	0	0	8412192	1672047305.972186519
"p"	799097.425070890	0.000002048	0.000001024	0	"00"	"00"	0	0	0	"IPv4 UDP [10.82.222.130]:60350->[10.82.222.129]:5001"	1512
"q"	799097.436265884	0	0	0	8403360	1672047305.972186519
"p"	799097.436266779	0.000002048	0.000002048	0	"00"	"00"	0	0	0	"IPv4 UDP [10.82.222.130]:60350->[10.82.222.129]:5001"	1512
"q"	799097.447469950	0	0	0	8394536	1672047305.972186519
"p"	799097.447470833	0.000001024	0.000001024	0	"00"	"00"	0	0	0	"IPv4 UDP [10.82.222.130]:60350->[10.82.222.129]:5001"	1512
"q"	799097.458658034	0	0	0	8385744	1672047305.972186519
"p"	799097.458658925	0.000002048	0.000002048	0	"00"	"00"	0	0	0	"IPv4 UDP [10.82.222.130]:60350->[10.82.222.129]:5001"	1512
"q"	799097.469896880	0	0	0	8368200	1672047305.972186519
"p"	799097.469897790	0.000002048	0.000002048	0	"00"	"00"	0	0	0	"IPv4 UDP [10.82.222.130]:60350->[10.82.222.129]:5001"	1512
"q"	799097.481144580	0	0	0	8359456	1672047305.972186519
"p"	799097.481145484	0.000002048	0.000002048	0	"00"	"00"	0	0	0	"IPv4 UDP [10.82.222.130]:60350->[10.82.222.129]:5001"	1512
"q"	799097.492367524	0	0	0	8350728	1672047305.972186519
"p"	799097.492368420	0.000002048	0.000002048	0	"00"	"00"	0	0	0	"IPv4 UDP [10.82.222.130]:60350->[10.82.222.129]:5001"	1512
"q"	799097.503576952	0	0	0	8342016	1672047305.972186519
"p"	799097.503577832	0.000001024	0.000001024	0	"00"	"00"	0	0	0	"IPv4 UDP [10.82.222.130]:60350->[10.82.222.129]:5001"	1512
"q"	799097.514771798	0	0	0	8333328	1672047305.972186519
"p"	799097.514772699	0.000002048	0.000002048	0	"00"	"00"	0	0	0	"IPv4 UDP [10.82.222.130]:60350->[10.82.222.129]:5001"	1512
"q"	799097.525987721	0	0	0	8324656	1672047305.972186519
"p"	799097.525988620	0.000002048	0.000002048	0	"00"	"00"	0	0	0	"IPv4 UDP [10.82.222.130]:60350->[10.82.222.129]:5001"	1512
"q"	799097.537153180	0	0	0	8316008	1672047305.972186519
"p"	799097.537154115	0.000002048	0.000002048	0	"00"	"00"	0	0	0	"IPv4 UDP [10.82.222.130]:60350->[10.82.222.129]:5001"	1512
"q"	799097.548423697	0	0	0	8307368	1672047305.972186519
"p"	799097.548424579	0.000002048	0.000002048	0	"00"	"00"	0	0	0	"IPv4 UDP [10.82.222.130]:60350->[10.82.222.129]:5001"	1512
"q"	799097.559592235	0	0	0	8281568	1672047305.972186519
"p"	799097.559593143	0.000002048	0.000002048	0	"00"	"00"	0	0	0	"IPv4 UDP [10.82.222.130]:60350->[10.82.222.129]:5001"	1512
"q"	799097.570854594	0	0	0	8273008	1672047305.972186519
"p"	799097.570855497	0.000002048	0.000002048	0	"00"	"00"	0	0	0	"IPv4 UDP [10.82.222.130]:60350->[10.82.222.129]:5001"	1512
"q"	799097.582090331	0	0	0	8264456	1672047305.972186519
"p"	799097.582091230	0.000002048	0.000001024	0	"00"	"00"	0	0	0	"IPv4 UDP [10.82.222.130]:60350->[10.82.222.129]:5001"	1512
"q"	799097.593241318	0	0	0	8255928	1672047305.972186519
"p"	799097.593242218	0.000002048	0.000002048	0	"00"	"00"	0	0	0	"IPv4 UDP [10.82.222.130]:60350->[10.82.222.129]:5001"	1512
"q"	799097.604463299	0	0	0	8247416	1672047305.972186519
"p"	799097.604464182	0.000002048	0.000002048	0	"00"	"00"	0	0	0	"IPv4 UDP [10.82.222.130]:60350->[10.82.222.129]:5001"	1512
"q"	799097.615679396	0	0	0	8238928	1672047305.972186519
"p"	799097.615680292	0.000002048	0.000001024	0	"00"	"00"	0	0	0	"IPv4 UDP [10.82.222.130]:60350->[10.82.222.129]:5001"	1512
"q"	799097.626930765	0	0	0	8230448	1672047305.972186519
"p"	799097.626931668	0.000002048	0.000002048	0	"00"	"00"	0	0	0	"IPv4 UDP [10.82.222.130]:60350->[10.82.222.129]:5001"	1512
"q"	799097.638082228	0	0	0	8221992	1672047305.972186519
"p"	799097.638083156	0.000002048	0.000002048	0	"00"	"00"	0	0	0	"IPv4 UDP [10.82.222.130]:60350->[10.82.222.129]:5001"	1512
"q"	799097.649313500	0	0	0	8205128	1672047305.972186519
"p"	799097.649314431	0.000002048	0.000002048	0	"00"	"00"	0	0	0	"IPv4 UDP [10.82.222.130]:60350->[10.82.222.129]:5001"	1512
"q"	799097.660570637	0	0	0	8196720	1672047305.972186519
"p"	799097.660571537	0.000002048	0.000001024	0	"00"	"00"	0	0	0	"IPv4 UDP [10.82.222.130]:60350->[10.82.222.129]:5001"	1512
"q"	799097.671769627	0	0	0	8188328	1672047305.972186519
"p"	799097.671770525	0.000002048	0.000002048	0	"00"	"00"	0	0	0	"IPv4 UDP [10.82.222.130]:60350->[10.82.222.129]:5001"	1512
"q"	799097.683004136	0	0	0	8179952	1672047305.972186519
"p"	799097.683005037	0.000002048	0.000002048	0	"00"	"00"	0	0	0	"IPv4 UDP [10.82.222.130]:60350->[10.82.222.129]:5001"	1512
"q"	799097.694179630	0	0	0	8171600	1672047305.972186519
"p"	799097.694180528	0.000002048	0.000002048	0	"00"	"00"	0	0	0	"IPv4 UDP [10.82.222.130]:60350->[10.82.222.129]:5001"	1512
"q"	799097.705310410	0	0	0	8163264	1672047305.972186519
"p"	799097.705311279	0.000002048	0.000002048	0	"00"	"00"	0	0	0	"IPv4 UDP [10.82.222.130]:60350->[10.82.222.129]:5001"	1512
"q"	799097.716651724	0	0	0	8146632	1672047305.972186519
"p"	799097.716652615	0.000002048	0.000002048	0	"00"	"00"	0	0	0	"IPv4 UDP [10.82.222.130]:60350->[10.82.222.129]:5001"	1512
"q"	799097.727864184	0	0	0	8138344	1672047305.972186519
"p"	799097.727865074	0.000002048	0.000002048	0	"00"	"00"	0	0	0	"IPv4 UDP [10.82.222.130]:60350->[10.82.222.129]:5001"	1512
"q"	799097.738957688	0	0	0	8121824	1672047305.972186519
"p"	799097.738958559	0.000001024	0.000001024	0	"00"	"00"	0	0	0	"IPv4 UDP [10.82.222.130]:60350->[10.82.222.129]:5001"	1512
"q"	799097.750176268	0	0	0	8113584	1672047305.972186519
"p"	799097.750177149	0.000002048	0.000002048	0	"00"	"00"	0	0	0	"IPv4 UDP [10.82.222.130]:60350->[10.82.222.129]:5001"	1512
"q"	799097.761500825	0	0	0	8105368	1672047305.972186519
"p"	799097.761501733	0.000002048	0.000002048	0	"00"	"00"	0	0	0	"IPv4 UDP [10.82.222.130]:60350->[10.82.222.129]:5001"	1512
"q"	799097.772717470	0	0	0	8097160	1672047305.972186519
"p"	799097.772718366	0.000002048	0.000002048	0	"00"	"00"	0	0	0	"IPv4 UDP [10.82.222.130]:60350->[10.82.222.129]:5001"	1512
"q"	799097.783973073	0	0	0	8088976	1672047305.972186519
"p"	799097.783973976	0.000002048	0.000002048	0	"00"	"00"	0	0	0	"IPv4 UDP [10.82.222.130]:60350->[10.82.222.129]:5001"	1512
"q"	799097.795241778	0	0	0	8080808	1672047305.972186519
"p"	799097.795242654	0.000001024	0.000001024	0	"00"	"00"	0	0	0	"IPv4 UDP [10.82.222.130]:60350->[10.82.222.129]:5001"	1512
"q"	799097.806362844	0	0	0	8072648	1672047305.972186519
"p"	799097.806363765	0.000002048	0.000002048	0	"00"	"00"	0	0	0	"IPv4 UDP [10.82.222.130]:60350->[10.82.222.129]:5001"	1512
"q"	799097.817633433	0	0	0	8056392	1672047305.972186519
"p"	799097.817634315	0.000002048	0.000002048	0	"00"	"00"	0	0	0	"IPv4 UDP [10.82.222.130]:60350->[10.82.222.129]:5001"	1512
"q"	799097.828840854	0	0	0	8040200	1672047305.972186519
"p"	799097.828841724	0.000002048	0.000002048	0	"00"	"00"	0	0	0	"IPv4 UDP [10.82.222.130]:60350->[10.82.222.129]:5001"	1512
"q"	799097.840002998	0	0	0	8032128	1672047305.972186519
"p"	799097.840003913	0.000002048	0.000001024	0	"00"	"00"	0	0	0	"IPv4 UDP [10.82.222.130]:60350->[10.82.222.129]:5001"	1512
"q"	799097.851204739	0	0	0	8024072	1672047305.972186519
"p"	799097.851205589	0.000002048	0.000001024	0	"00"	"00"	0	0	0	"IPv4 UDP [10.82.222.130]:60350->[10.82.222.129]:5001"	1512
"q"	799097.862427660	0	0	0	8016032	1672047305.972186519
"p"	799097.862428558	0.000002048	0.000001024	0	"00"	"00"	0	0	0	"IPv4 UDP [10.82.222.130]:60350->[10.82.222.129]:5001"	1512
"q"	799097.873684028	0	0	0	8008008	1672047305.972186519
"p"	799097.873684932	0.000002048	0.000002048	0	"00"	"00"	0	0	0	"IPv4 UDP [10.82.222.130]:60350->[10.82.222.129]:5001"	1512
"q"	799097.884900085	0	0	0	8000000	1672047305.972186519
"p"	799097.884901009	0.000002048	0.000002048	0	"00"	"00"	0	0	0	"IPv4 UDP [10.82.222.130]:60350->[10.82.222.129]:5001"	1512
"q"	799097.895983440	0	0	0	7984024	1672047305.972186519
"p"	799097.895984331	0.000002048	0.000002048	0	"00"	"00"	0	0	0	"IPv4 UDP [10.82.222.130]:60350->[10.82.222.129]:5001"	1512
"q"	799097.907300109	0	0	0	7976064	1672047305.972186519
"p"	799097.907300969	0.000002048	0.000002048	0	"00"	"00"	0	0	0	"IPv4 UDP [10.82.222.130]:60350->[10.82.222.129]:5001"	1512
"q"	799097.918505569	0	0	0	7968120	1672047305.972186519
"p"	799097.918506490	0.000002048	0.000002048	0	"00"	"00"	0	0	0	"IPv4 UDP [10.82.222.130]:60350->[10.82.222.129]:5001"	1512
"q"	799097.929688358	0	0	0	7952280	1672047305.972186519
"p"	799097.929689257	0.000002048	0.000002048	0	"00"	"00"	0	0	0	"IPv4 UDP [10.82.222.130]:60350->[10.82.222.129]:5001"	1512
"q"	799097.940974074	0	0	0	7944384	1672047305.972186519
"p"	799097.940974985	0.000002048	0.000002048	0	"00"	"00"	0	0	0	"IPv4 UDP [10.82.222.130]:60350->[10.82.222.129]:5001"	1512
"q"	799097.952083420	0	0	0	7936504	1672047305.972186519
"p"	799097.952084334	0.000002048	0.000002048	0	"00"	"00"	0	0	0	"IPv4 UDP [10.82.222.130]:60350->[10.82.222.129]:5001"	1512
"q"	799097.963306101	0	0	0	7928640	1672047305.972186519
"p"	799097.963307000	0.000002048	0.000001024	0	"00"	"00"	0	0	0	"IPv4 UDP [10.82.222.130]:60350->[10.82.222.129]:5001"	1512
"q"	799097.974542983	0	0	0	7912952	1672047305.972186519
"p"	799097.974543884	0.000002048	0.000002048	0	"00"	"00"	0	0	0	"IPv4 UDP [10.82.222.130]:60350->[10.82.222.129]:5001"	1512
"q"	799097.985705154	0	0	0	7905136	1672047305.972186519
"p"	799097.985706025	0.000002048	0.000002048	0	"00"	"00"	0	0	0	"IPv4 UDP [10.82.222.130]:60350->[10.82.222.129]:5001"	1512
"q"	799097.996942929	0	0	0	7897328	1672047305.972186519
"p"	799097.996943838	0.000002048	0.000002048	0	"00"	"00"	0	0	0	"IPv4 UDP [10.82.222.130]:60350->[10.82.222.129]:5001"	1512
"q"	799098.008156202	0	0	0	7889544	1672047305.972186519
"p"	799098.008157153	0.000002048	0.000001024	0	"00"	"00"	0	0	0	"IPv4 UDP [10.82.222.130]:60350->[10.82.222.129]:5001"	1512
"q"	799098.019389317	0	0	0	7874008	1672047305.972186519
"p"	799098.019390231	0.000002048	0.000001024	0	"00"	"00"	0	0	0	"IPv4 UDP [10.82.222.130]:60350->[10.82.222.129]:5001"	1512
"q"	799098.030594231	0	0	0	7858544	1672047305.972186519
"p"	799098.030595151	0.000002048	0.000002048	0	"00"	"00"	0	0	0	"IPv4 UDP [10.82.222.130]:60350->[10.82.222.129]:5001"	1512
"q"	799098.041873654	0	0	0	7850832	1672047305.972186519
"p"	799098.041874605	0.000002048	0.000002048	0	"00"	"00"	0	0	0	"IPv4 UDP [10.82.222.130]:60350->[10.82.222.129]:5001"	1512
"q"	799098.053016462	0	0	0	7843136	1672047305.972186519
"p"	799098.053017373	0.000002048	0.000001024	0	"00"	"00"	0	0	0	"IPv4 UDP [10.82.222.130]:60350->[10.82.222.129]:5001"	1512
"q"	799098.064235836	0	0	0	7835448	1672047305.972186519
"p"	799098.064236706	0.000002048	0.000002048	0	"00"	"00"	0	0	0	"IPv4 UDP [10.82.222.130]:60350->[10.82.222.129]:5001"	1512
"q"	799098.075488436	0	0	0	7827784	1672047305.972186519
"p"	799098.075489347	0.000002048	0.000002048	0	"00"	"00"	0	0	0	"IPv4 UDP [10.82.222.130]:60350->[10.82.222.129]:5001"	1512
"q"	799098.086747389	0	0	0	7820136	1672047305.972186519
"p"	799098.086748282	0.000002048	0.000002048	0	"00"	"00"	0	0	0	"IPv4 UDP [10.82.222.130]:60350->[10.82.222.129]:5001"	1512
"q"	799098.097971577	0	0	0	7804872	1672047305.972186519
"p"	799098.097972471	0.000002048	0.000002048	0	"00"	"00"	0	0	0	"IPv4 UDP [10.82.222.130]:60350->[10.82.222.129]:5001"	1512
"q"	799098.109095993	0	0	0	7789672	1672047305.972186519
"p"	799098.109096902	0.000002048	0.000001024	0	"00"	"00"	0	0	0	"IPv4 UDP [10.82.222.130]:60350->[10.82.222.129]:5001"	1512
"q"	799098.120309593	0	0	0	7782096	1672047305.972186519
"p"	799098.120310503	0.000001024	0.000001024	0	"00"	"00"	0	0	0	"IPv4 UDP [10.82.222.130]:60350->[10.82.222.129]:5001"	1512
"q"	799098.131528340	0	0	0	7774536	1672047305.972186519
"p"	799098.131529248	0.000002048	0.000002048	0	"00"	"00"	0	0	0	"IPv4 UDP [10.82.222.130]:60350->[10.82.222.129]:5001"	1512
"q"	799098.142752102	0	0	0	7759456	1672047305.972186519
"p"	799098.142753005	0.000002048	0.000002048	0	"00"	"00"	0	0	0	"IPv4 UDP [10.82.222.130]:60350->[10.82.222.129]:5001"	1512
"q"	799098.153955437	0	0	0	7751936	1672047305.972186519
"p"	799098.153956345	0.000002048	0.000001024	0	"00"	"00"	0	0	0	"IPv4 UDP [10.82.222.130]:60350->[10.82.222.129]:5001"	1512
"q"	799098.165197983	0	0	0	7744432	1672047305.972186519
"p"	799098.165198881	0.000002048	0.000002048	0	"00"	"00"	0	0	0	"IPv4 UDP [10.82.222.130]:60350->[10.82.222.129]:5001"	1512
"q"	799098.176390352	0	0	0	7736936	1672047305.972186519
"p"	799098.176391238	0.000002048	0.000002048	0	"00"	"00"	0	0	0	"IPv4 UDP [10.82.222.130]:60350->[10.82.222.129]:5001"	1512
"q"	799098.187649538	0	0	0	7729464	1672047305.972186519
"p"	799098.187650401	0.000002048	0.000002048	0	"00"	"00"	0	0	0	"IPv4 UDP [10.82.222.130]:60350->[10.82.222.129]:5001"	1512
"q"	799098.198881594	0	0	0	7707128	1672047305.972186519
"p"	799098.198882467	0.000002048	0.000002048	0	"00"	"00"	0	0	0	"IPv4 UDP [10.82.222.130]:60350->[10.82.222.129]:5001"	1512
"q"	799098.209998017	0	0	0	7699704	1672047305.972186519
"p"	799098.209998915	0.000002048	0.000002048	0	"00"	"00"	0	0	0	"IPv4 UDP [10.82.222.130]:60350->[10.82.222.129]:5001"	1512
"q"	799098.221242111	0	0	0	7692304	1672047305.972186519
"p"	799098.221243022	0.000002048	0.000002048	0	"00"	"00"	0	0	0	"IPv4 UDP [10.82.222.130]:60350->[10.82.222.129]:5001"	1512
"q"	799098.232476189	0	0	0	7684912	1672047305.972186519
"p"	799098.232477120	0.000002048	0.000002048	0	"00"	"00"	0	0	0	"IPv4 UDP [10.82.222.130]:60350->[10.82.222.129]:5001"	1512
"q"	799098.243683174	0	0	0	7670176	1672047305.972186519
"p"	799098.243684097	0.000001024	0.000001024	0	"00"	"00"	0	0	0	"IPv4 UDP [10.82.222.130]:60350->[10.82.222.129]:5001"	1512
"q"	799098.254900247	0	0	0	7662832	1672047305.972186519
"p"	799098.254901163	0.000002048	0.000001024	0	"00"	"00"	0	0	0	"IPv4 UDP [10.82.222.130]:60350->[10.82.222.129]:5001"	1512
"q"	799098.266110741	0	0	0	7655496	1672047305.972186519
"p"	799098.266111657	0.000002048	0.000002048	0	"00"	"00"	0	0	0	"IPv4 UDP [10.82.222.130]:60350->[10.82.222.129]:5001"	1512
"q"	799098.277345257	0	0	0	7648176	1672047305.972186519
"p"	799098.277346135	0.000002048	0.000001024	0	"00"	"00"	0	0	0	"IPv4 UDP [10.82.222.130]:60350->[10.82.222.129]:5001"	1512
"q"	799098.288649523	0	0	0	7633584	1672047305.972186519
"p"	799098.288650391	0.000002048	0.000002048	0	"00"	"00"	0	0	0	"IPv4 UDP [10.82.222.130]:60350->[10.82.222.129]:5001"	1512
"q"	799098.299772173	0	0	0	7619040	1672047305.972186519
"p"	799098.299773081	0.000002048	0.000002048	0	"00"	"00"	0	0	0	"IPv4 UDP [10.82.222.130]:60350->[10.82.222.129]:5001"	1512
"q"	799098.310940418	0	0	0	7611792	1672047305.972186519
"p"	799098.310941341	0.000002048	0.000002048	0	"00"	"00"	0	0	0	"IPv4 UDP [10.82.222.130]:60350->[10.82.222.129]:5001"	1512
"q"	799098.322194704	0	0	0	7597336	1672047305.972186519
"p"	799098.322195623	0.000002048	0.000002048	0	"00"	"00"	0	0	0	"IPv4 UDP [10.82.222.130]:60350->[10.82.222.129]:5001"	1512
"q"	799098.333373175	0	0	0	7590128	1672047305.972186519
"p"	799098.333374066	0.000002048	0.000002048	0	"00"	"00"	0	0	0	"IPv4 UDP [10.82.222.130]:60350->[10.82.222.129]:5001"	1512
"q"	799098.344695593	0	0	0	7582936	1672047305.972186519
"p"	799098.344696511	0.000001024	0.000001024	0	"00"	"00"	0	0	0	"IPv4 UDP [10.82.222.130]:60350->[10.82.222.129]:5001"	1512
"q"	799098.355910112	0	0	0	7575752	1672047305.972186519
"p"	799098.355911021	0.000002048	0.000002048	0	"00"	"00"	0	0	0	"IPv4 UDP [10.82.222.130]:60350->[10.82.222.129]:5001"	1512
"q"	799098.367157846	0	0	0	7561432	1672047305.972186519
"p"	799098.367158764	0.000002048	0.000002048	0	"00"	"00"	0	0	0	"IPv4 UDP [10.82.222.130]:60350->[10.82.222.129]:5001"	1512
"q"	799098.378326189	0	0	0	7554296	1672047305.972186519
"p"	799098.378327094	0.000002048	0.000002048	0	"00"	"00"	0	0	0	"IPv4 UDP [10.82.222.130]:60350->[10.82.222.129]:5001"	1512
"q"	799098.389540454	0	0	0	7540056	1672047305.972186519
"p"	799098.389541384	0.000002048	0.000002048	0	"00"	"00"	0	0	0	"IPv4 UDP [10.82.222.130]:60350->[10.82.222.129]:5001"	1512
"q"	799098.400796546	0	0	0	7525864	1672047305.972186519
"p"	799098.400797477	0.000002048	0.000001024	0	"00"	"00"	0	0	0	"IPv4 UDP [10.82.222.130]:60350->[10.82.222.129]:5001"	1512
"q"	799098.412010361	0	0	0	7518792	1672047305.972186519
"p"	799098.412011279	0.000002048	0.000001024	0	"00"	"00"	0	0	0	"IPv4 UDP [10.82.222.130]:60350->[10.82.222.129]:5001"	1512
"q"	799098.423177451	0	0	0	7511736	1672047305.972186519
"p"	799098.423178367	0.000002048	0.000002048	0	"00"	"00"	0	0	0	"IPv4 UDP [10.82.222.130]:60350->[10.82.222.129]:5001"	1512
"q"	799098.434437191	0	0	0	7504688	1672047305.972186519
"p"	799098.434438122	0.000002048	0.000001024	0	"00"	"00"	0	0	0	"IPv4 UDP [10.82.222.130]:60350->[10.82.222.129]:5001"	1512
"q"	799098.445607661	0	0	0	7490632	1672047305.972186519
"p"	799098.445608551	0.000002048	0.000002048	0	"00"	"00"	0	0	0	"IPv4 UDP [10.82.222.130]:60350->[10.82.222.129]:5001"	1512
"q"	799098.456852361	0	0	0	7483624	1672047305.972186519
"p"	799098.456853251	0.000002048	0.000001024	0	"00"	"00"	0	0	0	"IPv4 UDP [10.82.222.130]:60350->[10.82.222.129]:5001"	1512
"q"	799098.468065905	0	0	0	7476632	1672047305.972186519
"p"	799098.468066811	0.000002048	0.000002048	0	"00"	"00"	0	0	0	"IPv4 UDP [10.82.222.130]:60350->[10.82.222.129]:5001"	1512
"q"	799098.479242426	0	0	0	7455728	1672047305.972186519
"p"	799098.479243351	0.000002048	0.000002048	0	"00"	"00"	0	0	0	"IPv4 UDP [10.82.222.130]:60350->[10.82.222.129]:5001"	1512
"q"	799098.490430899	0	0	0	7448784	1672047305.972186519
"p"	799098.490431770	0.000002048	0.000002048	0	"00"	"00"	0	0	0	"IPv4 UDP [10.82.222.130]:60350->[10.82.222.129]:5001"	1512
"q"	799098.501609234	0	0	0	7441856	1672047305.972186519
"p"	799098.501610127	0.000002048	0.000002048	0	"00"	"00"	0	0	0	"IPv4 UDP [10.82.222.130]:60350->[10.82.222.129]:5001"	1512
"q"	799098.512926488	0	0	0	7428040	1672047305.972186519
"p"	799098.512927406	0.000001024	0.000001024	0	"00"	"00"	0	0	0	"IPv4 UDP [10.82.222.130]:60350->[10.82.222.129]:5001"	1512
"q"	799098.524147301	0	0	0	7421144	1672047305.972186519
"p"	799098.524148191	0.000002048	0.000002048	0	"00"	"00"	0	0	0	"IPv4 UDP [10.82.222.130]:60350->[10.82.222.129]:5001"	1512
"q"	799098.535362302	0	0	0	7414272	1672047305.972186519
"p"	799098.535363190	0.000002048	0.000002048	0	"00"	"00"	0	0	0	"IPv4 UDP [10.82.222.130]:60350->[10.82.222.129]:5001"	1512
"q"	799098.546606356	0	0	0	7400552	1672047305.972186519
"p"	799098.546607257	0.000002048	0.000002048	0	"00"	"00"	0	0	0	"IPv4 UDP [10.82.222.130]:60350->[10.82.222.129]:5001"	1512
"q"	799098.557739957	0	0	0	7393712	1672047305.972186519
"p"	799098.557740838	0.000002048	0.000001024	0	"00"	"00"	0	0	0	"IPv4 UDP [10.82.222.130]:60350->[10.82.222.129]:5001"	1512
"q"	799098.568863230	0	0	0	7373264	1672047305.972186519
"p"	799098.568864101	0.000002048	0.000002048	0	"00"	"00"	0	0	0	"IPv4 UDP [10.82.222.130]:60350->[10.82.222.129]:5001"	1512
"q"	799098.580180782	0	0	0	7366480	1672047305.972186519
"p"	799098.580181694	0.000001024	0.000001024	0	"00"	"00"	0	0	0	"IPv4 UDP [10.82.222.130]:60350->[10.82.222.129]:5001"	1512
"q"	799098.591329291	0	0	0	7359704	1672047305.972186519
"p"	799098.591330184	0.000002048	0.000001024	0	"00"	"00"	0	0	0	"IPv4 UDP [10.82.222.130]:60350->[10.82.222.129]:5001"	1512
"q"	799098.602614059	0	0	0	7346184	1672047305.972186519
"p"	799098.602614959	0.000002048	0.000002048	0	"00"	"00"	0	0	0	"IPv4 UDP [10.82.222.130]:60350->[10.82.222.129]:5001"	1512
"q"	799098.613858024	0	0	0	7339448	1672047305.972186519
"p"	799098.613858926	0.000002048	0.000002048	0	"00"	"00"	0	0	0	"IPv4 UDP [10.82.222.130]:60350->[10.82.222.129]:5001"	1512
"q"	799098.625109615	0	0	0	7332720	1672047305.972186519
"p"	799098.625110498	0.000002048	0.000002048	0	"00"	"00"	0	0	0	"IPv4 UDP [10.82.222.130]:60350->[10.82.222.129]:5001"	1512
"q"	799098.636263762	0	0	0	7319304	1672047305.972186519
"p"	799098.636264658	0.000002048	0.000002048	0	"00"	"00"	0	0	0	"IPv4 UDP [10.82.222.130]:60350->[10.82.222.129]:5001"	1512
"q"	799098.647501366	0	0	0	7312608	1672047305.972186519
"p"	799098.647502259	0.000002048	0.000002048	0	"00"	"00"	0	0	0	"IPv4 UDP [10.82.222.130]:60350->[10.82.222.129]:5001"	1512
"q"	799098.658723165	0	0	0	7292616	1672047305.972186519
"p"	799098.658724045	0.000002048	0.000002048	0	"00"	"00"	0	0	0	"IPv4 UDP [10.82.222.130]:60350->[10.82.222.129]:5001"	1512
"q"	799098.669891711	0	0	0	7285968	1672047305.972186519
"p"	799098.669892621	0.000002048	0.000002048	0	"00"	"00"	0	0	0	"IPv4 UDP [10.82.222.130]:60350->[10.82.222.129]:5001"	1512
"q"	799098.681154276	0	0	0	7279344	1672047305.972186519
"p"	799098.681155177	0.000002048	0.000002048	0	"00"	"00"	0	0	0	"IPv4 UDP [10.82.222.130]:60350->[10.82.222.129]:5001"	1512
"q"	799098.692330071	0	0	0	7266120	1672047305.972186519
"p"	799098.692330985	0.000002048	0.000002048	0	"00"	"00"	0	0	0	"IPv4 UDP [10.82.222.130]:60350->[10.82.222.129]:5001"	1512
"q"	799098.703580832	0	0	0	7259528	1672047305.972186519
"p"	799098.703581715	0.000002048	0.000002048	0	"00"	"00"	0	0	0	"IPv4 UDP [10.82.222.130]:60350->[10.82.222.129]:5001"	1512
"q"	799098.714806101	0	0	0	7246376	1672047305.972186519
"p"	799098.714807001	0.000001024	0.000001024	0	"00"	"00"	0	0	0	"IPv4 UDP [10.82.222.130]:60350->[10.82.222.129]:5001"	1512
"q"	799098.726031040	0	0	0	7239816	1672047305.972186519
"p"	799098.726031940	0.000002048	0.000002048	0	"00"	"00"	0	0	0	"IPv4 UDP [10.82.222.130]:60350->[10.82.222.129]:5001"	1512
"q"	799098.737271059	0	0	0	7233272	1672047305.972186519
"p"	799098.737271937	0.000002048	0.000002048	0	"00"	"00"	0	0	0	"IPv4 UDP [10.82.222.130]:60350->[10.82.222.129]:5001"	1512
"q"	799098.748455508	0	0	0	7220216	1672047305.972186519
"p"	799098.748456406	0.000002048	0.000002048	0	"00"	"00"	0	0	0	"IPv4 UDP [10.82.222.130]:60350->[10.82.222.129]:5001"	1512
"q"	799098.759674433	0	0	0	7207200	1672047305.972186519
"p"	799098.759675344	0.000002048	0.000002048	0	"00"	"00"	0	0	0	"IPv4 UDP [10.82.222.130]:60350->[10.82.222.129]:5001"	1512
"q"	799098.770842475	0	0	0	7194240	1672047305.972186519
"p"	799098.770843386	0.000001024	0.000001024	0	"00"	"00"	0	0	0	"IPv4 UDP [10.82.222.130]:60350->[10.82.222.129]:5001"	1512
"q"	799098.782078877	0	0	0	7187776	1672047305.972186519
"p"	799098.782079778	0.000002048	0.000001024	0	"00"	"00"	0	0	0	"IPv4 UDP [10.82.222.130]:60350->[10.82.222.129]:5001"	1512
"q"	799098.793320014	0	0	0	7174880	1672047305.972186519
"p"	799098.793320913	0.000002048	0.000002048	0	"00"	"00"	0	0	0	"IPv4 UDP [10.82.222.130]:60350->[10.82.222.129]:5001"	1512
"q"	799098.804494499	0	0	0	7168456	1672047305.972186519
"p"	799098.804495397	0.000002048	0.000002048	0	"00"	"00"	0	0	0	"IPv4 UDP [10.82.222.130]:60350->[10.82.222.129]:5001"	1512
"q"	799098.815749231	0	0	0	7162040	1672047305.972186519
"p"	799098.815750126	0.000002048	0.000001024	0	"00"	"00"	0	0	0	"IPv4 UDP [10.82.222.130]:60350->[10.82.222.129]:5001"	1512
"q"	799098.826951785	0	0	0	7149240	1672047305.972186519
"p"	799098.826952688	0.000002048	0.000001024	0	"00"	"00"	0	0	0	"IPv4 UDP [10.82.222.130]:60350->[10.82.222.129]:5001"	1512
"q"	799098.838182379	0	0	0	7142856	1672047305.972186519
"p"	799098.838183305	0.000002048	0.000002048	0	"00"	"00"	0	0	0	"IPv4 UDP [10.82.222.130]:60350->[10.82.222.129]:5001"	1512
"q"	799098.849341690	0	0	0	7123768	1672047305.972186519
"p"	799098.849342598	0.000002048	0.000002048	0	"00"	"00"	0	0	0	"IPv4 UDP [10.82.222.130]:60350->[10.82.222.129]:5001"	1512
"q"	799098.860601379	0	0	0	7111104	1672047305.972186519
"p"	799098.860602280	0.000002048	0.000001024	0	"00"	"00"	0	0	0	"IPv4 UDP [10.82.222.130]:60350->[10.82.222.129]:5001"	1512
"q"	799098.871785214	0	0	0	7104792	1672047305.972186519
"p"	799098.871786112	0.000002048	0.000002048	0	"00"	"00"	0	0	0	"IPv4 UDP [10.82.222.130]:60350->[10.82.222.129]:5001"	1512
"q"	799098.883033196	0	0	0	7098488	1672047305.972186519
"p"	799098.883034097	0.000002048	0.000001024	0	"00"	"00"	0	0	0	"IPv4 UDP [10.82.222.130]:60350->[10.82.222.129]:5001"	1512
"q"	799098.894232380	0	0	0	7085912	1672047305.972186519
"p"	799098.894233278	0.000001024	0.000001024	0	"00"	"00"	0	0	0	"IPv4 UDP [10.82.222.130]:60350->[10.82.222.129]:5001"	1512
"q"	799098.905443536	0	0	0	7079640	1672047305.972186519
"p"	799098.905444459	0.000002048	0.000002048	0	"00"	"00"	0	0	0	"IPv4 UDP [10.82.222.130]:60350->[10.82.222.129]:5001"	1512
"q"	799098.916687099	0	0	0	7067136	1672047305.972186519
"p"	799098.916687992	0.000002048	0.000002048	0	"00"	"00"	0	0	0	"IPv4 UDP [10.82.222.130]:60350->[10.82.222.129]:5001"	1512
"q"	799098.927901903	0	0	0	7060896	1672047305.972186519
"p"	799098.927902768	0.000002048	0.000002048	0	"00"	"00"	0	0	0	"IPv4 UDP [10.82.222.130]:60350->[10.82.222.129]:5001"	1512
"q"	799098.938985604	0	0	0	7042248	1672047305.972186519
"p"	799098.938986475	0.000002048	0.000001024	0	"00"	"00"	0	0	0	"IPv4 UDP [10.82.222.130]:60350->[10.82.222.129]:5001"	1512
"q"	799098.950277755	0	0	0	7036056	1672047305.972186519
"p"	799098.950278663	0.000002048	0.000002048	0	"00"	"00"	0	0	0	"IPv4 UDP [10.82.222.130]:60350->[10.82.222.129]:5001"	1512
"q"	799098.961533608	0	0	0	7023704	1672047305.972186519
"p"	799098.961534498	0.000002048	0.000002048	0	"00"	"00"	0	0	0	"IPv4 UDP [10.82.222.130]:60350->[10.82.222.129]:5001"	1512
"q"	799098.972754605	0	0	0	7017536	1672047305.972186519
"p"	799098.972755501	0.000002048	0.000002048	0	"00"	"00"	0	0	0	"IPv4 UDP [10.82.222.130]:60350->[10.82.222.129]:5001"	1512
"q"	799098.983954051	0	0	0	7005248	1672047305.972186519
"p"	799098.983954951	0.000002048	0.000002048	0	"00"	"00"	0	0	0	"IPv4 UDP [10.82.222.130]:60350->[10.82.222.129]:5001"	1512
"q"	799098.995183317	0	0	0	6999120	1672047305.972186519
"p"	799098.995184215	0.000002048	0.000002048	0	"00"	"00"	0	0	0	"IPv4 UDP [10.82.222.130]:60350->[10.82.222.129]:5001"	1512
"q"	799099.006390324	0	0	0	6986896	1672047305.972186519
"p"	799099.006391223	0.000002048	0.000001024	0	"00"	"00"	0	0	0	"IPv4 UDP [10.82.222.130]:60350->[10.82.222.129]:5001"	1512
"q"	799099.017639390	0	0	0	6980800	1672047305.972186519
"p"	799099.017640286	0.000002048	0.000002048	0	"00"	"00"	0	0	0	"IPv4 UDP [10.82.222.130]:60350->[10.82.222.129]:5001"	1512
"q"	799099.028850623	0	0	0	6962576	1672047305.972186519
"p"	799099.028851492	0.000002048	0.000001024	0	"00"	"00"	0	0	0	"IPv4 UDP [10.82.222.130]:60350->[10.82.222.129]:5001"	1512
"q"	799099.040037824	0	0	0	6950472	1672047305.972186519
"p"	799099.040038742	0.000002048	0.000001024	0	"00"	"00"	0	0	0	"IPv4 UDP [10.82.222.130]:60350->[10.82.222.129]:5001"	1512
"q"	799099.051249668	0	0	0	6944440	1672047305.972186519
"p"	799099.051250564	0.000002048	0.000001024	0	"00"	"00"	0	0	0	"IPv4 UDP [10.82.222.130]:60350->[10.82.222.129]:5001"	1512
"q"	799099.062461919	0	0	0	6932408	1672047305.972186519
"p"	799099.062462817	0.000002048	0.000002048	0	"00"	"00"	0	0	0	"IPv4 UDP [10.82.222.130]:60350->[10.82.222.129]:5001"	1512
"q"	799099.073628649	0	0	0	6926400	1672047305.972186519
"p"	799099.073629547	0.000002048	0.000002048	0	"00"	"00"	0	0	0	"IPv4 UDP [10.82.222.130]:60350->[10.82.222.129]:5001"	1512
"q"	799099.084887866	0	0	0	6914432	1672047305.972186519
"p"	799099.084888769	0.000001024	0.000001024	0	"00"	"00"	0	0	0	"IPv4 UDP [10.82.222.130]:60350->[10.82.222.129]:5001"	1512
"q"	799099.096098559	0	0	0	6908456	1672047305.972186519
"p"	799099.096099453	0.000002048	0.000002048	0	"00"	"00"	0	0	0	"IPv4 UDP [10.82.222.130]:60350->[10.82.222.129]:5001"	1512
"q"	799099.107356276	0	0	0	6896544	1672047305.972186519
"p"	799099.107357159	0.000002048	0.000002048	0	"00"	"00"	0	0	0	"IPv4 UDP [10.82.222.130]:60350->[10.82.222.129]:5001"	1512
"q"	799099.118511988	0	0	0	6890608	1672047305.972186519
"p"	799099.118512884	0.000001024	0.000001024	0	"00"	"00"	0	0	0	"IPv4 UDP [10.82.222.130]:60350->[10.82.222.129]:5001"	1512
"q"	799099.129647559	0	0	0	6872848	1672047305.972186519
"p"	799099.129648437	0.000002048	0.000002048	0	"00"	"00"	0	0	0	"IPv4 UDP [10.82.222.130]:60350->[10.82.222.129]:5001"	1512
"q"	799099.140970730	0	0	0	6861056	1672047305.972186519
"p"	799099.140971616	0.000002048	0.000002048	0	"00"	"00"	0	0	0	"IPv4 UDP [10.82.222.130]:60350->[10.82.222.129]:5001"	1512
"q"	799099.152204355	0	0	0	6855184	1672047305.972186519
"p"	799099.152205236	0.000002048	0.000002048	0	"00"	"00"	0	0	0	"IPv4 UDP [10.82.222.130]:60350->[10.82.222.129]:5001"	1512
"q"	799099.163410779	0	0	0	6843448	1672047305.972186519
"p"	799099.163411680	0.000002048	0.000002048	0	"00"	"00"	0	0	0	"IPv4 UDP [10.82.222.130]:60350->[10.82.222.129]:5001"	1512
"q"	799099.174571137	0	0	0	6837600	1672047305.972186519
"p"	799099.174572038	0.000002048	0.000002048	0	"00"	"00"	0	0	0	"IPv4 UDP [10.82.222.130]:60350->[10.82.222.129]:5001"	1512
"q"	799099.185869844	0	0	0	6825936	1672047305.972186519
"p"	799099.185870743	0.000002048	0.000001024	0	"00"	"00"	0	0	0	"IPv4 UDP [10.82.222.130]:60350->[10.82.222.129]:5001"	1512
"q"	799099.197048973	0	0	0	6814304	1672047305.972186519
"p"	799099.197049884	0.000002048	0.000002048	0	"00"	"00"	0	0	0	"IPv4 UDP [10.82.222.130]:60350->[10.82.222.129]:5001"	1512
"q"	799099.208271151	0	0	0	6808504	1672047305.972186519
"p"	799099.208272037	0.000002048	0.000002048	0	"00"	"00"	0	0	0	"IPv4 UDP [10.82.222.130]:60350->[10.82.222.129]:5001"	1512
"q"	799099.219474128	0	0	0	6791168	1672047305.972186519
"p"	799099.219475037	0.000002048	0.000002048	0	"00"	"00"	0	0	0	"IPv4 UDP [10.82.222.130]:60350->[10.82.222.129]:5001"	1512
"q"	799099.230702481	0	0	0	6779656	1672047305.972186519
"p"	799099.230703415	0.000003072	0.000002048	0	"00"	"00"	0	0	0	"IPv4 UDP [10.82.222.130]:60350->[10.82.222.129]:5001"	1512
"q"	799099.241909605	0	0	0	6773920	1672047305.972186519
"p"	799099.241910505	0.000002048	0.000002048	0	"00"	"00"	0	0	0	"IPv4 UDP [10.82.222.130]:60350->[10.82.222.129]:5001"	1512
"q"	799099.253127539	0	0	0	6762464	1672047305.972186519
"p"	799099.253128422	0.000002048	0.000002048	0	"00"	"00"	0	0	0	"IPv4 UDP [10.82.222.130]:60350->[10.82.222.129]:5001"	1512
"q"	799099.264350951	0	0	0	6751048	1672047305.972186519
"p"	799099.264351849	0.000002048	0.000002048	0	"00"	"00"	0	0	0	"IPv4 UDP [10.82.222.130]:60350->[10.82.222.129]:5001"	1512
"q"	799099.275557781	0	0	0	6745360	1672047305.972186519
"p"	799099.275558661	0.000002048	0.000001024	0	"00"	"00"	0	0	0	"IPv4 UDP [10.82.222.130]:60350->[10.82.222.129]:5001"	1512
"q"	799099.286785626	0	0	0	6734000	1672047305.972186519
"p"	799099.286786522	0.000002048	0.000002048	0	"00"	"00"	0	0	0	"IPv4 UDP [10.82.222.130]:60350->[10.82.222.129]:5001"	1512
"q"	799099.297977843	0	0	0	6728336	1672047305.972186519
"p"	799099.297978751	0.000002048	0.000002048	0	"00"	"00"	0	0	0	"IPv4 UDP [10.82.222.130]:60350->[10.82.222.129]:5001"	1512
"q"	799099.309213293	0	0	0	6711408	1672047305.972186519
"p"	799099.309214194	0.000002048	0.000002048	0	"00"	"00"	0	0	0	"IPv4 UDP [10.82.222.130]:60350->[10.82.222.129]:5001"	1512
"q"	799099.320421860	0	0	0	6700160	1672047305.972186519
"p"	799099.320422753	0.000002048	0.000002048	0	"00"	"00"	0	0	0	"IPv4 UDP [10.82.222.130]:60350->[10.82.222.129]:5001"	1512
"q"	799099.331671783	0	0	0	6688960	1672047305.972186519
"p"	799099.331672684	0.000002048	0.000002048	0	"00"	"00"	0	0	0	"IPv4 UDP [10.82.222.130]:60350->[10.82.222.129]:5001"	1512
"q"	799099.342824669	0	0	0	6683368	1672047305.972186519
"p"	799099.342825570	0.000002048	0.000002048	0	"00"	"00"	0	0	0	"IPv4 UDP [10.82.222.130]:60350->[10.82.222.129]:5001"	1512
"q"	799099.354032284	0	0	0	6672224	1672047305.972186519
"p"	799099.354033192	0.000002048	0.000002048	0	"00"	"00"	0	0	0	"IPv4 UDP [10.82.222.130]:60350->[10.82.222.129]:5001"	1512
"q"	799099.365282748	0	0	0	6661112	1672047305.972186519
"p"	799099.365283649	0.000002048	0.000001024	0	"00"	"00"	0	0	0	"IPv4 UDP [10.82.222.130]:60350->[10.82.222.129]:5001"	1512
"q"	799099.376492919	0	0	0	6655568	1672047305.972186519
"p"	799099.376493842	0.000002048	0.000002048	0	"00"	"00"	0	0	0	"IPv4 UDP [10.82.222.130]:60350->[10.82.222.129]:5001"	1512
"q"	799099.387737417	0	0	0	6644512	1672047305.972186519
"p"	799099.387738327	0.000002048	0.000002048	0	"00"	"00"	0	0	0	"IPv4 UDP [10.82.222.130]:60350->[10.82.222.129]:5001"	1512
"q"	799099.398863301	0	0	0	6628000	1672047305.972186519
"p"	799099.398864186	0.000002048	0.000002048	0	"00"	"00"	0	0	0	"IPv4 UDP [10.82.222.130]:60350->[10.82.222.129]:5001"	1512
"q"	799099.410126329	0	0	0	6617032	1672047305.972186519
"p"	799099.410127257	0.000002048	0.000002048	0	"00"	"00"	0	0	0	"IPv4 UDP [10.82.222.130]:60350->[10.82.222.129]:5001"	1512
"q"	799099.421358565	0	0	0	6611568	1672047305.972186519
"p"	799099.421359469	0.000002048	0.000002048	0	"00"	"00"	0	0	0	"IPv4 UDP [10.82.222.130]:60350->[10.82.222.129]:5001"	1512
"q"	799099.432602367	0	0	0	6600656	1672047305.972186519
"p"	799099.432603278	0.000002048	0.000002048	0	"00"	"00"	0	0	0	"IPv4 UDP [10.82.222.130]:60350->[10.82.222.129]:5001"	1512
"q"	799099.443755484	0	0	0	6589784	1672047305.972186519
"p"	799099.443756389	0.000002048	0.000002048	0	"00"	"00"	0	0	0	"IPv4 UDP [10.82.222.130]:60350->[10.82.222.129]:5001"	1512
"q"	799099.454994924	0	0	0	6584360	1672047305.972186519
"p"	799099.454995840	0.000002048	0.000002048	0	"00"	"00"	0	0	0	"IPv4 UDP [10.82.222.130]:60350->[10.82.222.129]:5001"	1512
"q"	799099.466205155	0	0	0	6573536	1672047305.972186519
"p"	799099.466206053	0.000002048	0.000001024	0	"00"	"00"	0	0	0	"IPv4 UDP [10.82.222.130]:60350->[10.82.222.129]:5001"	1512
"q"	799099.477447786	0	0	0	6562752	1672047305.972186519
"p"	799099.477448691	0.000002048	0.000001024	0	"00"	"00"	0	0	0	"IPv4 UDP [10.82.222.130]:60350->[10.82.222.129]:5001"	1512
"q"	799099.488689929	0	0	0	6557376	1672047305.972186519
"p"	799099.488690825	0.000002048	0.000002048	0	"00"	"00"	0	0	0	"IPv4 UDP [10.82.222.130]:60350->[10.82.222.129]:5001"	1512
"q"	799099.499852399	0	0	0	6535944	1672047305.972186519
"p"	799099.499853308	0.000002048	0.000002048	0	"00"	"00"	0	0	0	"IPv4 UDP [10.82.222.130]:60350->[10.82.222.129]:5001"	1512
"q"	799099.511109381	0	0	0	6530608	1672047305.972186519
"p"	799099.511110281	0.000002048	0.000002048	0	"00"	"00"	0	0	0	"IPv4 UDP [10.82.222.130]:60350->[10.82.222.129]:5001"	1512
"q"	799099.522259375	0	0	0	6519960	1672047305.972186519
"p"	799099.522260279	0.000002048	0.000002048	0	"00"	"00"	0	0	0	"IPv4 UDP [10.82.222.130]:60350->[10.82.222.129]:5001"	1512
"q"	799099.533524055	0	0	0	6509352	1672047305.972186519
"p"	799099.533524973	0.000002048	0.000001024	0	"00"	"00"	0	0	0	"IPv4 UDP [10.82.222.130]:60350->[10.82.222.129]:5001"	1512
"q"	799099.544720967	0	0	0	6504064	1672047305.972186519
"p"	799099.544721863	0.000002048	0.000002048	0	"00"	"00"	0	0	0	"IPv4 UDP [10.82.222.130]:60350->[10.82.222.129]:5001"	1512
"q"	799099.555877608	0	0	0	6493504	1672047305.972186519
"p"	799099.555878530	0.000002048	0.000002048	0	"00"	"00"	0	0	0	"IPv4 UDP [10.82.222.130]:60350->[10.82.222.129]:5001"	1512
"q"	799099.567190821	0	0	0	6482976	1672047305.972186519
"p"	799099.567191722	0.000001024	0.000001024	0	"00"	"00"	0	0	0	"IPv4 UDP [10.82.222.130]:60350->[10.82.222.129]:5001"	1512
"q"	799099.578367982	0	0	0	6472488	1672047305.972186519
"p"	799099.578368878	0.000002048	0.000001024	0	"00"	"00"	0	0	0	"IPv4 UDP [10.82.222.130]:60350->[10.82.222.129]:5001"	1512
"q"	799099.589625074	0	0	0	6456816	1672047305.972186519
"p"	799099.589625969	0.000002048	0.000002048	0	"00"	"00"	0	0	0	"IPv4 UDP [10.82.222.130]:60350->[10.82.222.129]:5001"	1512
"q"	799099.600827652	0	0	0	6446408	1672047305.972186519
"p"	799099.600828558	0.000002048	0.000002048	0	"00"	"00"	0	0	0	"IPv4 UDP [10.82.222.130]:60350->[10.82.222.129]:5001"	1512
"q"	799099.612013446	0	0	0	6436040	1672047305.972186519
"p"	799099.612014319	0.000001024	0.000001024	0	"00"	"00"	0	0	0	"IPv4 UDP [10.82.222.130]:60350->[10.82.222.129]:5001"	1512
"q"	799099.623210382	0	0	0	6430864	1672047305.972186519
"p"	799099.623211292	0.000002048	0.000002048	0	"00"	"00"	0	0	0	"IPv4 UDP [10.82.222.130]:60350->[10.82.222.129]:5001"	1512
"q"	799099.634444256	0	0	0	6420544	1672047305.972186519
"p"	799099.634445171	0.000002048	0.000001024	0	"00"	"00"	0	0	0	"IPv4 UDP [10.82.222.130]:60350->[10.82.222.129]:5001"	1512
"q"	799099.645582590	0	0	0	6410256	1672047305.972186519
"p"	799099.645583490	0.000002048	0.000002048	0	"00"	"00"	0	0	0	"IPv4 UDP [10.82.222.130]:60350->[10.82.222.129]:5001"	1512
"q"	799099.656870355	0	0	0	6400000	1672047305.972186519
"p"	799099.656871251	0.000002048	0.000002048	0	"00"	"00"	0	0	0	"IPv4 UDP [10.82.222.130]:60350->[10.82.222.129]:5001"	1512
"q"	799099.668113174	0	0	0	6394880	1672047305.972186519
"p"	799099.668114077	0.000001024	0.000001024	0	"00"	"00"	0	0	0	"IPv4 UDP [10.82.222.130]:60350->[10.82.222.129]:5001"	1512
"q"	799099.679347243	0	0	0	6374496	1672047305.972186519
"p"	799099.679348154	0.000002048	0.000002048	0	"00"	"00"	0	0	0	"IPv4 UDP [10.82.222.130]:60350->[10.82.222.129]:5001"	1512
"q"	799099.690538063	0	0	0	6364352	1672047305.972186519
"p"	799099.690538968	0.000002048	0.000001024	0	"00"	"00"	0	0	0	"IPv4 UDP [10.82.222.130]:60350->[10.82.222.129]:5001"	1512
"q"	799099.701718086	0	0	0	6359296	1672047305.972186519
"p"	799099.701718987	0.000002048	0.000001024	0	"00"	"00"	0	0	0	"IPv4 UDP [10.82.222.130]:60350->[10.82.222.129]:5001"	1512
"q"	799099.712938906	0	0	0	6349200	1672047305.972186519
"p"	799099.712939820	0.000002048	0.000001024	0	"00"	"00"	0	0	0	"IPv4 UDP [10.82.222.130]:60350->[10.82.222.129]:5001"	1512
"q"	799099.724148168	0	0	0	6339144	1672047305.972186519
"p"	799099.724149067	0.000002048	0.000002048	0	"00"	"00"	0	0	0	"IPv4 UDP [10.82.222.130]:60350->[10.82.222.129]:5001"	1512
"q"	799099.735443287	0	0	0	6329112	1672047305.972186519
"p"	799099.735444170	0.000001024	0.000001024	0	"00"	"00"	0	0	0	"IPv4 UDP [10.82.222.130]:60350->[10.82.222.129]:5001"	1512
"q"	799099.746564138	0	0	0	6319112	1672047305.972186519
"p"	799099.746565054	0.000002048	0.000001024	0	"00"	"00"	0	0	0	"IPv4 UDP [10.82.222.130]:60350->[10.82.222.129]:5001"	1512
"q"	799099.757704547	0	0	0	6314120	1672047305.972186519
"p"	799099.757705425	0.000002048	0.000002048	0	"00"	"00"	0	0	0	"IPv4 UDP [10.82.222.130]:60350->[10.82.222.129]:5001"	1512
"q"	799099.768924616	0	0	0	6294256	1672047305.972186519
"p"	799099.768925494	0.000002048	0.000002048	0	"00"	"00"	0	0	0	"IPv4 UDP [10.82.222.130]:60350->[10.82.222.129]:5001"	1512
"q"	799099.780270358	0	0	0	6284360	1672047305.972186519
"p"	799099.780271257	0.000002048	0.000002048	0	"00"	"00"	0	0	0	"IPv4 UDP [10.82.222.130]:60350->[10.82.222.129]:5001"	1512
"q"	799099.791466944	0	0	0	6274504	1672047305.972186519
"p"	799099.791467844	0.000002048	0.000002048	0	"00"	"00"	0	0	0	"IPv4 UDP [10.82.222.130]:60350->[10.82.222.129]:5001"	1512
"q"	799099.802707674	0	0	0	6269592	1672047305.972186519
"p"	799099.802708570	0.000002048	0.000002048	0	"00"	"00"	0	0	0	"IPv4 UDP [10.82.222.130]:60350->[10.82.222.129]:5001"	1512
"q"	799099.813871685	0	0	0	6259776	1672047305.972186519
"p"	799099.813872598	0.000002048	0.000001024	0	"00"	"00"	0	0	0	"IPv4 UDP [10.82.222.130]:60350->[10.82.222.129]:5001"	1512
"q"	799099.825132827	0	0	0	6250000	1672047305.972186519
"p"	799099.825133727	0.000002048	0.000002048	0	"00"	"00"	0	0	0	"IPv4 UDP [10.82.222.130]:60350->[10.82.222.129]:5001"	1512
"q"	799099.836348728	0	0	0	6240248	1672047305.972186519
"p"	799099.836349624	0.000002048	0.000002048	0	"00"	"00"	0	0	0	"IPv4 UDP [10.82.222.130]:60350->[10.82.222.129]:5001"	1512
"q"	799099.847549116	0	0	0	6230528	1672047305.972186519
"p"	799099.847550040	0.000002048	0.000002048	0	"00"	"00"	0	0	0	"IPv4 UDP [10.82.222.130]:60350->[10.82.222.129]:5001"	1512
"q"	799099.858705275	0	0	0	6220832	1672047305.972186519
"p"	799099.858706163	0.000001024	0.000001024	0	"00"	"00"	0	0	0	"IPv4 UDP [10.82.222.130]:60350->[10.82.222.129]:5001"	1512
"q"	799099.870042484	0	0	0	6206360	1672047305.972186519
"p"	799099.870043388	0.000002048	0.000002048	0	"00"	"00"	0	0	0	"IPv4 UDP [10.82.222.130]:60350->[10.82.222.129]:5001"	1512
"q"	799099.881207940	0	0	0	6196744	1672047305.972186519
"p"	799099.881208843	0.000002048	0.000002048	0	"00"	"00"	0	0	0	"IPv4 UDP [10.82.222.130]:60350->[10.82.222.129]:5001"	1512
"q"	799099.892399857	0	0	0	6187160	1672047305.972186519
"p"	799099.892400757	0.000002048	0.000002048	0	"00"	"00"	0	0	0	"IPv4 UDP [10.82.222.130]:60350->[10.82.222.129]:5001"	1512
"q"	799099.903673842	0	0	0	6177600	1672047305.972186519
"p"	799099.903674742	0.000002048	0.000002048	0	"00"	"00"	0	0	0	"IPv4 UDP [10.82.222.130]:60350->[10.82.222.129]:5001"	1512
"q"	799099.914792593	0	0	0	6168080	1672047305.972186519
"p"	799099.914793504	0.000002048	0.000002048	0	"00"	"00"	0	0	0	"IPv4 UDP [10.82.222.130]:60350->[10.82.222.129]:5001"	1512
"q"	799099.926031754	0	0	0	6158576	1672047305.972186519
"p"	799099.926032652	0.000002048	0.000002048	0	"00"	"00"	0	0	0	"IPv4 UDP [10.82.222.130]:60350->[10.82.222.129]:5001"	1512
"q"	799099.937260702	0	0	0	6149112	1672047305.972186519
"p"	799099.937261600	0.000002048	0.000002048	0	"00"	"00"	0	0	0	"IPv4 UDP [10.82.222.130]:60350->[10.82.222.129]:5001"	1512
"q"	799099.948476497	0	0	0	6139672	1672047305.972186519
"p"	799099.948477397	0.000002048	0.000001024	0	"00"	"00"	0	0	0	"IPv4 UDP [10.82.222.130]:60350->[10.82.222.129]:5001"	1512
"q"	799099.959715569	0	0	0	6125568	1672047305.972186519
"p"	799099.959716470	0.000002048	0.000002048	0	"00"	"00"	0	0	0	"IPv4 UDP [10.82.222.130]:60350->[10.82.222.129]:5001"	1512
"q"	799099.970940420	0	0	0	6116200	1672047305.972186519
"p"	799099.970941321	0.000002048	0.000002048	0	"00"	"00"	0	0	0	"IPv4 UDP [10.82.222.130]:60350->[10.82.222.129]:5001"	1512
"q"	799099.982176842	0	0	0	6106864	1672047305.972186519
"p"	799099.982177757	0.000002048	0.000002048	0	"00"	"00"	0	0	0	"IPv4 UDP [10.82.222.130]:60350->[10.82.222.129]:5001"	1512
"q"	799099.993349845	0	0	0	6097560	1672047305.972186519
"p"	799099.993350763	0.000002048	0.000002048	0	"00"	"00"	0	0	0	"IPv4 UDP [10.82.222.130]:60350->[10.82.222.129]:5001"	1512
"q"	799100.004566856	0	0	0	6088280	1672047305.972186519
"p"	799100.004567776	0.000001024	0.000001024	0	"00"	"00"	0	0	0	"IPv4 UDP [10.82.222.130]:60350->[10.82.222.129]:5001"	1512
"q"	799100.015828405	0	0	0	6079024	1672047305.972186519
"p"	799100.015829328	0.000002048	0.000002048	0	"00"	"00"	0	0	0	"IPv4 UDP [10.82.222.130]:60350->[10.82.222.129]:5001"	1512
"q"	799100.026968705	0	0	0	6069800	1672047305.972186519
"p"	799100.026969623	0.000002048	0.000002048	0	"00"	"00"	0	0	0	"IPv4 UDP [10.82.222.130]:60350->[10.82.222.129]:5001"	1512
"q"	799100.038218456	0	0	0	6060600	1672047305.972186519
"p"	799100.038219387	0.000002048	0.000002048	0	"00"	"00"	0	0	0	"IPv4 UDP [10.82.222.130]:60350->[10.82.222.129]:5001"	1512
"q"	799100.049409164	0	0	0	6042296	1672047305.972186519
"p"	799100.049410080	0.000002048	0.000002048	0	"00"	"00"	0	0	0	"IPv4 UDP [10.82.222.130]:60350->[10.82.222.129]:5001"	1512
"q"	799100.060636924	0	0	0	6033176	1672047305.972186519
"p"	799100.060637843	0.000002048	0.000002048	0	"00"	"00"	0	0	0	"IPv4 UDP [10.82.222.130]:60350->[10.82.222.129]:5001"	1512
"q"	799100.071846185	0	0	0	6024096	1672047305.972186519
"p"	799100.071847102	0.000002048	0.000002048	0	"00"	"00"	0	0	0	"IPv4 UDP [10.82.222.130]:60350->[10.82.222.129]:5001"	1512
"q"	799100.083058300	0	0	0	6015032	1672047305.972186519
"p"	799100.083059219	0.000002048	0.000002048	0	"00"	"00"	0	0	0	"IPv4 UDP [10.82.222.130]:60350->[10.82.222.129]:5001"	1512
"q"	799100.094246903	0	0	0	6006000	1672047305.972186519
"p"	799100.094247834	0.000002048	0.000001024	0	"00"	"00"	0	0	0	"IPv4 UDP [10.82.222.130]:60350->[10.82.222.129]:5001"	1512
"q"	799100.105498515	0	0	0	5997000	1672047305.972186519
"p"	799100.105499429	0.000002048	0.000001024	0	"00"	"00"	0	0	0	"IPv4 UDP [10.82.222.130]:60350->[10.82.222.129]:5001"	1512
"q"	799100.116687464	0	0	0	5988016	1672047305.972186519
"p"	799100.116688380	0.000002048	0.000002048	0	"00"	"00"	0	0	0	"IPv4 UDP [10.82.222.130]:60350->[10.82.222.129]:5001"	1512
"q"	799100.127889793	0	0	0	5979072	1672047305.972186519
"p"	799100.127890711	0.000002048	0.000002048	0	"00"	"00"	0	0	0	"IPv4 UDP [10.82.222.130]:60350->[10.82.222.129]:5001"	1512
"q"	799100.139109084	0	0	0	5961248	1672047305.972186519
"p"	799100.139110005	0.000002048	0.000002048	0	"00"	"00"	0	0	0	"IPv4 UDP [10.82.222.130]:60350->[10.82.222.129]:5001"	1512
"q"	799100.150311411	0	0	0	5952376	1672047305.972186519
"p"	799100.150312327	0.000002048	0.000002048	0	"00"	"00"	0	0	0	"IPv4 UDP [10.82.222.130]:60350->[10.82.222.129]:5001"	1512
"q"	799100.161548388	0	0	0	5943536	1672047305.972186519
"p"	799100.161549307	0.000002048	0.000001024	0	"00"	"00"	0	0	0	"IPv4 UDP [10.82.222.130]:60350->[10.82.222.129]:5001"	1512
"q"	799100.172774651	0	0	0	5934712	1672047305.972186519
"p"	799100.172775568	0.000002048	0.000002048	0	"00"	"00"	0	0	0	"IPv4 UDP [10.82.222.130]:60350->[10.82.222.129]:5001"	1512
"q"	799100.183964543	0	0	0	5925920	1672047305.972186519
"p"	799100.183965460	0.000002048	0.000001024	0	"00"	"00"	0	0	0	"IPv4 UDP [10.82.222.130]:60350->[10.82.222.129]:5001"	1512
"q"	799100.195204828	0	0	0	5917152	1672047305.972186519
"p"	799100.195205740	0.000002048	0.000002048	0	"00"	"00"	0	0	0	"IPv4 UDP [10.82.222.130]:60350->[10.82.222.129]:5001"	1512
"q"	799100.206424350	0	0	0	5908416	1672047305.972186519
"p"	799100.206425263	0.000002048	0.000002048	0	"00"	"00"	0	0	0	"IPv4 UDP [10.82.222.130]:60350->[10.82.222.129]:5001"	1512
"q"	799100.217626460	0	0	0	5899704	1672047305.972186519
"p"	799100.217627378	0.000001024	0.000001024	0	"00"	"00"	0	0	0	"IPv4 UDP [10.82.222.130]:60350->[10.82.222.129]:5001"	1512
"q"	799100.228874542	0	0	0	5891016	1672047305.972186519
"p"	799100.228875463	0.000002048	0.000002048	0	"00"	"00"	0	0	0	"IPv4 UDP [10.82.222.130]:60350->[10.82.222.129]:5001"	1512
"q"	799100.240078292	0	0	0	5869400	1672047305.972186519
"p"	799100.240079213	0.000002048	0.000002048	0	"00"	"00"	0	0	0	"IPv4 UDP [10.82.222.130]:60350->[10.82.222.129]:5001"	1512
"q"	799100.251309516	0	0	0	5860800	1672047305.972186519
"p"	799100.251310431	0.000002048	0.000002048	0	"00"	"00"	0	0	0	"IPv4 UDP [10.82.222.130]:60350->[10.82.222.129]:5001"	1512
"q"	799100.262492341	0	0	0	5852224	1672047305.972186519
"p"	799100.262493237	0.000002048	0.000002048	0	"00"	"00"	0	0	0	"IPv4 UDP [10.82.222.130]:60350->[10.82.222.129]:5001"	1512
"q"	799100.273761105	0	0	0	5843680	1672047305.972186519
"p"	799100.273762020	0.000001024	0.000001024	0	"00"	"00"	0	0	0	"IPv4 UDP [10.82.222.130]:60350->[10.82.222.129]:5001"	1512
"q"	799100.284927821	0	0	0	5835152	1672047305.972186519
"p"	799100.284928737	0.000001024	0.000001024	0	"00"	"00"	0	0	0	"IPv4 UDP [10.82.222.130]:60350->[10.82.222.129]:5001"	1512
"q"	799100.296111298	0	0	0	5826656	1672047305.972186519
"p"	799100.296112223	0.000002048	0.000002048	0	"00"	"00"	0	0	0	"IPv4 UDP [10.82.222.130]:60350->[10.82.222.129]:5001"	1512
"q"	799100.307386038	0	0	0	5818176	1672047305.972186519
"p"	799100.307386931	0.000002048	0.000002048	0	"00"	"00"	0	0	0	"IPv4 UDP [10.82.222.130]:60350->[10.82.222.129]:5001"	1512
"q"	799100.318545783	0	0	0	5809728	1672047305.972186519
"p"	799100.318546701	0.000002048	0.000001024	0	"00"	"00"	0	0	0	"IPv4 UDP [10.82.222.130]:60350->[10.82.222.129]:5001"	1512
"q"	799100.329683626	0	0	0	5788712	1672047305.972186519
"p"	799100.329684497	0.000002048	0.000002048	0	"00"	"00"	0	0	0	"IPv4 UDP [10.82.222.130]:60350->[10.82.222.129]:5001"	1512
"q"	799100.341072916	0	0	0	5780344	1672047305.972186519
"p"	799100.341073802	0.000002048	0.000001024	0	"00"	"00"	0	0	0	"IPv4 UDP [10.82.222.130]:60350->[10.82.222.129]:5001"	1512
"q"	799100.352254309	0	0	0	5772000	1672047305.972186519
"p"	799100.352255209	0.000002048	0.000002048	0	"00"	"00"	0	0	0	"IPv4 UDP [10.82.222.130]:60350->[10.82.222.129]:5001"	1512
"q"	799100.363462343	0	0	0	5763688	1672047305.972186519
"p"	799100.363463241	0.000002048	0.000002048	0	"00"	"00"	0	0	0	"IPv4 UDP [10.82.222.130]:60350->[10.82.222.129]:5001"	1512
"q"	799100.374639429	0	0	0	5755392	1672047305.972186519
"p"	799100.374640330	0.000001024	0.000001024	0	"00"	"00"	0	0	0	"IPv4 UDP [10.82.222.130]:60350->[10.82.222.129]:5001"	1512
"q"	799100.385852518	0	0	0	5743000	1672047305.972186519
"p"	799100.385853416	0.000002048	0.000001024	0	"00"	"00"	0	0	0	"IPv4 UDP [10.82.222.130]:60350->[10.82.222.129]:5001"	1512
"q"	799100.397075750	0	0	0	5734760	1672047305.972186519
"p"	799100.397076644	0.000002048	0.000002048	0	"00"	"00"	0	0	0	"IPv4 UDP [10.82.222.130]:60350->[10.82.222.129]:5001"	1512
"q"	799100.408295007	0	0	0	5726552	1672047305.972186519
"p"	799100.408295902	0.000002048	0.000002048	0	"00"	"00"	0	0	0	"IPv4 UDP [10.82.222.130]:60350->[10.82.222.129]:5001"	1512
"q"	799100.419502543	0	0	0	5710200	1672047305.972186519
"p"	799100.419503444	0.000002048	0.000002048	0	"00"	"00"	0	0	0	"IPv4 UDP [10.82.222.130]:60350->[10.82.222.129]:5001"	1512
"q"	799100.430726111	0	0	0	5698000	1672047305.972186519
"p"	799100.430727023	0.000002048	0.000001024	0	"00"	"00"	0	0	0	"IPv4 UDP [10.82.222.130]:60350->[10.82.222.129]:5001"	1512
"q"	799100.441980916	0	0	0	5689896	1672047305.972186519
"p"	799100.441981816	0.000002048	0.000001024	0	"00"	"00"	0	0	0	"IPv4 UDP [10.82.222.130]:60350->[10.82.222.129]:5001"	1512
"q"	799100.453159512	0	0	0	5681816	1672047305.972186519
"p"	799100.453160411	0.000002048	0.000002048	0	"00"	"00"	0	0	0	"IPv4 UDP [10.82.222.130]:60350->[10.82.222.129]:5001"	1512
"q"	799100.464436285	0	0	0	5673752	1672047305.972186519
"p"	799100.464437156	0.000002048	0.000001024	0	"00"	"00"	0	0	0	"IPv4 UDP [10.82.222.130]:60350->[10.82.222.129]:5001"	1512
"q"	799100.475641009	0	0	0	5665720	1672047305.972186519
"p"	799100.475641907	0.000002048	0.000002048	0	"00"	"00"	0	0	0	"IPv4 UDP [10.82.222.130]:60350->[10.82.222.129]:5001"	1512
"q"	799100.486817108	0	0	0	5653704	1672047305.972186519
"p"	799100.486818010	0.000002048	0.000002048	0	"00"	"00"	0	0	0	"IPv4 UDP [10.82.222.130]:60350->[10.82.222.129]:5001"	1512
"q"	799100.498032451	0	0	0	5645728	1672047305.972186519
"p"	799100.498033345	0.000001024	0.000001024	0	"00"	"00"	0	0	0	"IPv4 UDP [10.82.222.130]:60350->[10.82.222.129]:5001"	1512
"q"	799100.509232847	0	0	0	5629832	1672047305.972186519
"p"	799100.509233725	0.000002048	0.000002048	0	"00"	"00"	0	0	0	"IPv4 UDP [10.82.222.130]:60350->[10.82.222.129]:5001"	1512
"q"	799100.520442154	0	0	0	5617976	1672047305.972186519
"p"	799100.520443055	0.000002048	0.000002048	0	"00"	"00"	0	0	0	"IPv4 UDP [10.82.222.130]:60350->[10.82.222.129]:5001"	1512
"q"	799100.531700854	0	0	0	5610096	1672047305.972186519
"p"	799100.531701752	0.000002048	0.000001024	0	"00"	"00"	0	0	0	"IPv4 UDP [10.82.222.130]:60350->[10.82.222.129]:5001"	1512
"q"	799100.542913653	0	0	0	5602240	1672047305.972186519
"p"	799100.542914566	0.000002048	0.000002048	0	"00"	"00"	0	0	0	"IPv4 UDP [10.82.222.130]:60350->[10.82.222.129]:5001"	1512
"q"	799100.554082793	0	0	0	5590496	1672047305.972186519
"p"	799100.554083692	0.000002048	0.000002048	0	"00"	"00"	0	0	0	"IPv4 UDP [10.82.222.130]:60350->[10.82.222.129]:5001"	1512
"q"	799100.565321701	0	0	0	5582688	1672047305.972186519
"p"	799100.565322585	0.000002048	0.000001024	0	"00"	"00"	0	0	0	"IPv4 UDP [10.82.222.130]:60350->[10.82.222.129]:5001"	1512
"q"	799100.576527584	0	0	0	5574912	1672047305.972186519
"p"	799100.576528484	0.000002048	0.000002048	0	"00"	"00"	0	0	0	"IPv4 UDP [10.82.222.130]:60350->[10.82.222.129]:5001"	1512
"q"	799100.587748204	0	0	0	5563280	1672047305.972186519
"p"	799100.587749107	0.000001024	0.000001024	0	"00"	"00"	0	0	0	"IPv4 UDP [10.82.222.130]:60350->[10.82.222.129]:5001"	1512
"q"	799100.598967259	0	0	0	5547848	1672047305.972186519
"p"	799100.598968135	0.000002048	0.000001024	0	"00"	"00"	0	0	0	"IPv4 UDP [10.82.222.130]:60350->[10.82.222.129]:5001"	1512
"q"	799100.610156351	0	0	0	5536328	1672047305.972186519
"p"	799100.610157248	0.000001024	0.000001024	0	"00"	"00"	0	0	0	"IPv4 UDP [10.82.222.130]:60350->[10.82.222.129]:5001"	1512
"q"	799100.621363586	0	0	0	5528680	1672047305.972186519
"p"	799100.621364471	0.000002048	0.000002048	0	"00"	"00"	0	0	0	"IPv4 UDP [10.82.222.130]:60350->[10.82.222.129]:5001"	1512
"q"	799100.632605411	0	0	0	5521048	1672047305.972186519
"p"	799100.632606322	0.000002048	0.000002048	0	"00"	"00"	0	0	0	"IPv4 UDP [10.82.222.130]:60350->[10.82.222.129]:5001"	1512
"q"	799100.643768771	0	0	0	5509640	1672047305.972186519
"p"	799100.643769691	0.000002048	0.000002048	0	"00"	"00"	0	0	0	"IPv4 UDP [10.82.222.130]:60350->[10.82.222.129]:5001"	1512
"q"	799100.655008974	0	0	0	5502056	1672047305.972186519
"p"	799100.655009875	0.000002048	0.000002048	0	"00"	"00"	0	0	0	"IPv4 UDP [10.82.222.130]:60350->[10.82.222.129]:5001"	1512
"q"	799100.666192281	0	0	0	5494504	1672047305.972186519
"p"	799100.666193249	0.000002048	0.000002048	0	"00"	"00"	0	0	0	"IPv4 UDP [10.82.222.130]:60350->[10.82.222.129]:5001"	1512
"q"	799100.677411962	0	0	0	5483200	1672047305.972186519
"p"	799100.677412883	0.000002048	0.000002048	0	"00"	"00"	0	0	0	"IPv4 UDP [10.82.222.130]:60350->[10.82.222.129]:5001"	1512
"q"	799100.688669501	0	0	0	5475696	1672047305.972186519
"p"	799100.688670391	0.000001024	0.000001024	0	"00"	"00"	0	0	0	"IPv4 UDP [10.82.222.130]:60350->[10.82.222.129]:5001"	1512
"q"	799100.699819553	0	0	0	5457024	1672047305.972186519
"p"	799100.699820441	0.000002048	0.000002048	0	"00"	"00"	0	0	0	"IPv4 UDP [10.82.222.130]:60350->[10.82.222.129]:5001"	1512
"q"	799100.711129773	0	0	0	5449584	1672047305.972186519
"p"	799100.711130681	0.000002048	0.000002048	0	"00"	"00"	0	0	0	"IPv4 UDP [10.82.222.130]:60350->[10.82.222.129]:5001"	1512
"q"	799100.722320051	0	0	0	5438472	1672047305.972186519
"p"	799100.722320952	0.000002048	0.000002048	0	"00"	"00"	0	0	0	"IPv4 UDP [10.82.222.130]:60350->[10.82.222.129]:5001"	1512
"q"	799100.733599353	0	0	0	5431088	1672047305.972186519
"p"	799100.733600221	0.000002048	0.000002048	0	"00"	"00"	0	0	0	"IPv4 UDP [10.82.222.130]:60350->[10.82.222.129]:5001"	1512
"q"	799100.744684434	0	0	0	5420048	1672047305.972186519
"p"	799100.744685337	0.000002048	0.000001024	0	"00"	"00"	0	0	0	"IPv4 UDP [10.82.222.130]:60350->[10.82.222.129]:5001"	1512
"q"	799100.755922565	0	0	0	5412712	1672047305.972186519
"p"	799100.755923452	0.000002048	0.000002048	0	"00"	"00"	0	0	0	"IPv4 UDP [10.82.222.130]:60350->[10.82.222.129]:5001"	1512
"q"	799100.767103333	0	0	0	5401752	1672047305.972186519
"p"	799100.767104231	0.000002048	0.000002048	0	"00"	"00"	0	0	0	"IPv4 UDP [10.82.222.130]:60350->[10.82.222.129]:5001"	1512
"q"	799100.778339756	0	0	0	5394464	1672047305.972186519
"p"	799100.778340667	0.000002048	0.000002048	0	"00"	"00"	0	0	0	"IPv4 UDP [10.82.222.130]:60350->[10.82.222.129]:5001"	1512
"q"	799100.789550471	0	0	0	5376344	1672047305.972186519
"p"	799100.789551334	0.000002048	0.000002048	0	"00"	"00"	0	0	0	"IPv4 UDP [10.82.222.130]:60350->[10.82.222.129]:5001"	1512
"q"	799100.800691929	0	0	0	5365520	1672047305.972186519
"p"	799100.800692817	0.000002048	0.000002048	0	"00"	"00"	0	0	0	"IPv4 UDP [10.82.222.130]:60350->[10.82.222.129]:5001"	1512
"q"	799100.812056129	0	0	0	5358336	1672047305.972186519
"p"	799100.812056994	0.000002048	0.000002048	0	"00"	"00"	0	0	0	"IPv4 UDP [10.82.222.130]:60350->[10.82.222.129]:5001"	1512
"q"	799100.823234348	0	0	0	5347592	1672047305.972186519
"p"	799100.823235251	0.000001024	0.000001024	0	"00"	"00"	0	0	0	"IPv4 UDP [10.82.222.130]:60350->[10.82.222.129]:5001"	1512
"q"	799100.834447795	0	0	0	5340448	1672047305.972186519
"p"	799100.834448706	0.000002048	0.000002048	0	"00"	"00"	0	0	0	"IPv4 UDP [10.82.222.130]:60350->[10.82.222.129]:5001"	1512
"q"	799100.845591137	0	0	0	5329776	1672047305.972186519
"p"	799100.845592035	0.000002048	0.000002048	0	"00"	"00"	0	0	0	"IPv4 UDP [10.82.222.130]:60350->[10.82.222.129]:5001"	1512
"q"	799100.856903857	0	0	0	5322680	1672047305.972186519
"p"	799100.856904752	0.000002048	0.000002048	0	"00"	"00"	0	0	0	"IPv4 UDP [10.82.222.130]:60350->[10.82.222.129]:5001"	1512
"q"	799100.868149700	0	0	0	5312080	1672047305.972186519
"p"	799100.868150583	0.000002048	0.000002048	0	"00"	"00"	0	0	0	"IPv4 UDP [10.82.222.130]:60350->[10.82.222.129]:5001"	1512
"q"	799100.879367418	0	0	0	5294504	1672047305.972186519
"p"	799100.879368319	0.000002048	0.000002048	0	"00"	"00"	0	0	0	"IPv4 UDP [10.82.222.130]:60350->[10.82.222.129]:5001"	1512
"q"	799100.890582654	0	0	0	5284008	1672047305.972186519
"p"	799100.890583557	0.000002048	0.000002048	0	"00"	"00"	0	0	0	"IPv4 UDP [10.82.222.130]:60350->[10.82.222.129]:5001"	1512
"q"	799100.901652854	0	0	0	5277040	1672047305.972186519
"p"	799100.901653749	0.000002048	0.000002048	0	"00"	"00"	0	0	0	"IPv4 UDP [10.82.222.130]:60350->[10.82.222.129]:5001"	1512
"q"	799100.912969013	0	0	0	5266616	1672047305.972186519
"p"	799100.912969953	0.000002048	0.000002048	0	"00"	"00"	0	0	0	"IPv4 UDP [10.82.222.130]:60350->[10.82.222.129]:5001"	1512
"q"	799100.924225008	0	0	0	5259696	1672047305.972186519
"p"	799100.924225908	0.000002048	0.000002048	0	"00"	"00"	0	0	0	"IPv4 UDP [10.82.222.130]:60350->[10.82.222.129]:5001"	1512
"q"	799100.935441147	0	0	0	5249336	1672047305.972186519
"p"	799100.935442048	0.000002048	0.000002048	0	"00"	"00"	0	0	0	"IPv4 UDP [10.82.222.130]:60350->[10.82.222.129]:5001"	1512
"q"	799100.946632474	0	0	0	5239024	1672047305.972186519
"p"	799100.946633373	0.000001024	0.000001024	0	"00"	"00"	0	0	0	"IPv4 UDP [10.82.222.130]:60350->[10.82.222.129]:5001"	1512
"q"	799100.957734104	0	0	0	5232176	1672047305.972186519
"p"	799100.957734972	0.000002048	0.000002048	0	"00"	"00"	0	0	0	"IPv4 UDP [10.82.222.130]:60350->[10.82.222.129]:5001"	1512
"q"	799100.969084056	0	0	0	5215120	1672047305.972186519
"p"	799100.969084960	0.000002048	0.000002048	0	"00"	"00"	0	0	0	"IPv4 UDP [10.82.222.130]:60350->[10.82.222.129]:5001"	1512
"q"	799100.980270750	0	0	0	5204944	1672047305.972186519
"p"	799100.980271650	0.000002048	0.000002048	0	"00"	"00"	0	0	0	"IPv4 UDP [10.82.222.130]:60350->[10.82.222.129]:5001"	1512
"q"	799100.991493518	0	0	0	5194800	1672047305.972186519
"p"	799100.991494419	0.000002048	0.000002048	0	"00"	"00"	0	0	0	"IPv4 UDP [10.82.222.130]:60350->[10.82.222.129]:5001"	1512
"q"	799101.002653854	0	0	0	5188064	1672047305.972186519
"p"	799101.002654772	0.000002048	0.000002048	0	"00"	"00"	0	0	0	"IPv4 UDP [10.82.222.130]:60350->[10.82.222.129]:5001"	1512
"q"	799101.013880418	0	0	0	5177992	1672047305.972186519
"p"	799101.013881336	0.000002048	0.000002048	0	"00"	"00"	0	0	0	"IPv4 UDP [10.82.222.130]:60350->[10.82.222.129]:5001"	1512
"q"	799101.025130701	0	0	0	5167952	1672047305.972186519
"p"	799101.025131587	0.000002048	0.000002048	0	"00"	"00"	0	0	0	"IPv4 UDP [10.82.222.130]:60350->[10.82.222.129]:5001"	1512
"q"	799101.036314878	0	0	0	5161288	1672047305.972186519
"p"	799101.036315826	0.000002048	0.000002048	0	"00"	"00"	0	0	0	"IPv4 UDP [10.82.222.130]:60350->[10.82.222.129]:5001"	1512
"q"	799101.047615908	0	0	0	5151320	1672047305.972186519
"p"	799101.047616814	0.000002048	0.000002048	0	"00"	"00"	0	0	0	"IPv4 UDP [10.82.222.130]:60350->[10.82.222.129]:5001"	1512
"q"	799101.058697324	0	0	0	5141384	1672047305.972186519
"p"	799101.058698228	0.000002048	0.000001024	0	"00"	"00"	0	0	0	"IPv4 UDP [10.82.222.130]:60350->[10.82.222.129]:5001"	1512
"q"	799101.069977695	0	0	0	5124912	1672047305.972186519
"p"	799101.069978626	0.000002048	0.000002048	0	"00"	"00"	0	0	0	"IPv4 UDP [10.82.222.130]:60350->[10.82.222.129]:5001"	1512
"q"	799101.081209900	0	0	0	5115088	1672047305.972186519
"p"	799101.081210804	0.000002048	0.000001024	0	"00"	"00"	0	0	0	"IPv4 UDP [10.82.222.130]:60350->[10.82.222.129]:5001"	1512
"q"	799101.092410897	0	0	0	5105296	1672047305.972186519
"p"	799101.092411837	0.000002048	0.000002048	0	"00"	"00"	0	0	0	"IPv4 UDP [10.82.222.130]:60350->[10.82.222.129]:5001"	1512
"q"	799101.103535888	0	0	0	5095536	1672047305.972186519
"p"	799101.103536776	0.000002048	0.000002048	0	"00"	"00"	0	0	0	"IPv4 UDP [10.82.222.130]:60350->[10.82.222.129]:5001"	1512
"q"	799101.114781041	0	0	0	5089056	1672047305.972186519
"p"	799101.114781994	0.000002048	0.000002048	0	"00"	"00"	0	0	0	"IPv4 UDP [10.82.222.130]:60350->[10.82.222.129]:5001"	1512
"q"	799101.126020688	0	0	0	5079360	1672047305.972186519
"p"	799101.126021591	0.000002048	0.000002048	0	"00"	"00"	0	0	0	"IPv4 UDP [10.82.222.130]:60350->[10.82.222.129]:5001"	1512
"q"	799101.137229330	0	0	0	5069704	1672047305.972186519
"p"	799101.137230235	0.000002048	0.000002048	0	"00"	"00"	0	0	0	"IPv4 UDP [10.82.222.130]:60350->[10.82.222.129]:5001"	1512
"q"	799101.148493637	0	0	0	5060088	1672047305.972186519
"p"	799101.148494558	0.000001024	0.000001024	0	"00"	"00"	0	0	0	"IPv4 UDP [10.82.222.130]:60350->[10.82.222.129]:5001"	1512
"q"	799101.159642652	0	0	0	5044136	1672047305.972186519
"p"	799101.159643576	0.000002048	0.000002048	0	"00"	"00"	0	0	0	"IPv4 UDP [10.82.222.130]:60350->[10.82.222.129]:5001"	1512
"q"	799101.170868934	0	0	0	5034608	1672047305.972186519
"p"	799101.170869852	0.000002048	0.000002048	0	"00"	"00"	0	0	0	"IPv4 UDP [10.82.222.130]:60350->[10.82.222.129]:5001"	1512
"q"	799101.182077692	0	0	0	5025120	1672047305.972186519
"p"	799101.182078586	0.000002048	0.000002048	0	"00"	"00"	0	0	0	"IPv4 UDP [10.82.222.130]:60350->[10.82.222.129]:5001"	1512
"q"	799101.193317362	0	0	0	5015672	1672047305.972186519
"p"	799101.193318248	0.000002048	0.000001024	0	"00"	"00"	0	0	0	"IPv4 UDP [10.82.222.130]:60350->[10.82.222.129]:5001"	1512
"q"	799101.204579952	0	0	0	5006256	1672047305.972186519
"p"	799101.204580868	0.000002048	0.000002048	0	"00"	"00"	0	0	0	"IPv4 UDP [10.82.222.130]:60350->[10.82.222.129]:5001"	1512
"q"	799101.215793336	0	0	0	4996872	1672047305.972186519
"p"	799101.215794195	0.000002048	0.000002048	0	"00"	"00"	0	0	0	"IPv4 UDP [10.82.222.130]:60350->[10.82.222.129]:5001"	1512
"q"	799101.227044567	0	0	0	5006256	1672047305.972186519
"p"	799101.227045468	0.000002048	0.000002048	0	"00"	"00"	0	0	0	"IPv4 UDP [10.82.222.130]:60350->[10.82.222.129]:5001"	1512
"q"	799101.238242638	0	0	0	5015672	1672047305.972186519
"p"	799101.238243569	0.000002048	0.000002048	0	"00"	"00"	0	0	0	"IPv4 UDP [10.82.222.130]:60350->[10.82.222.129]:5001"	1512
"q"	799101.249424400	0	0	0	5034608	1672047305.972186519
"p"	799101.249425318	0.000002048	0.000001024	0	"00"	"00"	0	0	0	"IPv4 UDP [10.82.222.130]:60350->[10.82.222.129]:5001"	1512
"q"	799101.260579736	0	0	0	5044136	1672047305.972186519
"p"	799101.260580653	0.000002048	0.000001024	0	"00"	"00"	0	0	0	"IPv4 UDP [10.82.222.130]:60350->[10.82.222.129]:5001"	1512
"q"	799101.271860370	0	0	0	5050504	1672047305.972186519
"p"	799101.271861306	0.000002048	0.000002048	0	"00"	"00"	0	0	0	"IPv4 UDP [10.82.222.130]:60350->[10.82.222.129]:5001"	1512
"q"	799101.283074452	0	0	0	5060088	1672047305.972186519
"p"	799101.283075383	0.000002048	0.000002048	0	"00"	"00"	0	0	0	"IPv4 UDP [10.82.222.130]:60350->[10.82.222.129]:5001"	1512
"q"	799101.294322122	0	0	0	5069704	1672047305.972186519
"p"	799101.294323037	0.000002048	0.000002048	0	"00"	"00"	0	0	0	"IPv4 UDP [10.82.222.130]:60350->[10.82.222.129]:5001"	1512
"q"	799101.305526356	0	0	0	5079360	1672047305.972186519
"p"	799101.305527256	0.000002048	0.000001024	0	"00"	"00"	0	0	0	"IPv4 UDP [10.82.222.130]:60350->[10.82.222.129]:5001"	1512
"q"	799101.316702892	0	0	0	5089056	1672047305.972186519
"p"	799101.316703849	0.000002048	0.000002048	0	"00"	"00"	0	0	0	"IPv4 UDP [10.82.222.130]:60350->[10.82.222.129]:5001"	1512
"q"	799101.327876234	0	0	0	5095536	1672047305.972186519
"p"	799101.327877141	0.000002048	0.000002048	0	"00"	"00"	0	0	0	"IPv4 UDP [10.82.222.130]:60350->[10.82.222.129]:5001"	1512
"q"	799101.339088259	0	0	0	5115088	1672047305.972186519
"p"	799101.339089162	0.000002048	0.000002048	0	"00"	"00"	0	0	0	"IPv4 UDP [10.82.222.130]:60350->[10.82.222.129]:5001"	1512
"q"	799101.350310630	0	0	0	5124912	1672047305.972186519
"p"	799101.350311540	0.000002048	0.000002048	0	"00"	"00"	0	0	0	"IPv4 UDP [10.82.222.130]:60350->[10.82.222.129]:5001"	1512
"q"	799101.361686266	0	0	0	5131488	1672047305.972186519
"p"	799101.361687187	0.000002048	0.000002048	0	"00"	"00"	0	0	0	"IPv4 UDP [10.82.222.130]:60350->[10.82.222.129]:5001"	1512
"q"	799101.372732145	0	0	0	5141384	1672047305.972186519
"p"	799101.372733057	0.000002048	0.000002048	0	"00"	"00"	0	0	0	"IPv4 UDP [10.82.222.130]:60350->[10.82.222.129]:5001"	1512
"q"	799101.384024072	0	0	0	5151320	1672047305.972186519
"p"	799101.384024955	0.000002048	0.000001024	0	"00"	"00"	0	0	0	"IPv4 UDP [10.82.222.130]:60350->[10.82.222.129]:5001"	1512
"q"	799101.395183449	0	0	0	5161288	1672047305.972186519
"p"	799101.395184335	0.000001024	0.000001024	0	"00"	"00"	0	0	0	"IPv4 UDP [10.82.222.130]:60350->[10.82.222.129]:5001"	1512
"q"	799101.406369444	0	0	0	5167952	1672047305.972186519
"p"	799101.406370347	0.000002048	0.000002048	0	"00"	"00"	0	0	0	"IPv4 UDP [10.82.222.130]:60350->[10.82.222.129]:5001"	1512
"q"	799101.417582317	0	0	0	5177992	1672047305.972186519
"p"	799101.417583249	0.000002048	0.000002048	0	"00"	"00"	0	0	0	"IPv4 UDP [10.82.222.130]:60350->[10.82.222.129]:5001"	1512
"q"	799101.428869589	0	0	0	5194800	1672047305.972186519
"p"	799101.428870530	0.000002048	0.000002048	0	"00"	"00"	0	0	0	"IPv4 UDP [10.82.222.130]:60350->[10.82.222.129]:5001"	1512
"q"	799101.440104990	0	0	0	5204944	1672047305.972186519
"p"	799101.440105906	0.000002048	0.000002048	0	"00"	"00"	0	0	0	"IPv4 UDP [10.82.222.130]:60350->[10.82.222.129]:5001"	1512
"q"	799101.451311102	0	0	0	5215120	1672047305.972186519
"p"	799101.451312035	0.000002048	0.000001024	0	"00"	"00"	0	0	0	"IPv4 UDP [10.82.222.130]:60350->[10.82.222.129]:5001"	1512
"q"	799101.462499862	0	0	0	5221928	1672047305.972186519
"p"	799101.462500778	0.000002048	0.000002048	0	"00"	"00"	0	0	0	"IPv4 UDP [10.82.222.130]:60350->[10.82.222.129]:5001"	1512
"q"	799101.473647910	0	0	0	5232176	1672047305.972186519
"p"	799101.473648826	0.000002048	0.000002048	0	"00"	"00"	0	0	0	"IPv4 UDP [10.82.222.130]:60350->[10.82.222.129]:5001"	1512
"q"	799101.484957611	0	0	0	5239024	1672047305.972186519
"p"	799101.484958531	0.000002048	0.000001024	0	"00"	"00"	0	0	0	"IPv4 UDP [10.82.222.130]:60350->[10.82.222.129]:5001"	1512
"q"	799101.496191819	0	0	0	5249336	1672047305.972186519
"p"	799101.496192732	0.000001024	0.000001024	0	"00"	"00"	0	0	0	"IPv4 UDP [10.82.222.130]:60350->[10.82.222.129]:5001"	1512
"q"	799101.507302753	0	0	0	5259696	1672047305.972186519
"p"	799101.507303641	0.000002048	0.000002048	0	"00"	"00"	0	0	0	"IPv4 UDP [10.82.222.130]:60350->[10.82.222.129]:5001"	1512
"q"	799101.518601226	0	0	0	5266616	1672047305.972186519
"p"	799101.518602147	0.000002048	0.000001024	0	"00"	"00"	0	0	0	"IPv4 UDP [10.82.222.130]:60350->[10.82.222.129]:5001"	1512
"q"	799101.529833916	0	0	0	5284008	1672047305.972186519
"p"	799101.529834831	0.000002048	0.000002048	0	"00"	"00"	0	0	0	"IPv4 UDP [10.82.222.130]:60350->[10.82.222.129]:5001"	1512
"q"	799101.541029684	0	0	0	5294504	1672047305.972186519
"p"	799101.541030601	0.000001024	0.000001024	0	"00"	"00"	0	0	0	"IPv4 UDP [10.82.222.130]:60350->[10.82.222.129]:5001"	1512
"q"	799101.552185377	0	0	0	5305032	1672047305.972186519
"p"	799101.552186325	0.000002048	0.000001024	0	"00"	"00"	0	0	0	"IPv4 UDP [10.82.222.130]:60350->[10.82.222.129]:5001"	1512
"q"	799101.563387208	0	0	0	5312080	1672047305.972186519
"p"	799101.563388126	0.000002048	0.000002048	0	"00"	"00"	0	0	0	"IPv4 UDP [10.82.222.130]:60350->[10.82.222.129]:5001"	1512
"q"	799101.574675678	0	0	0	5322680	1672047305.972186519
"p"	799101.574676595	0.000002048	0.000002048	0	"00"	"00"	0	0	0	"IPv4 UDP [10.82.222.130]:60350->[10.82.222.129]:5001"	1512
"q"	799101.585816539	0	0	0	5329776	1672047305.972186519
"p"	799101.585817495	0.000002048	0.000001024	0	"00"	"00"	0	0	0	"IPv4 UDP [10.82.222.130]:60350->[10.82.222.129]:5001"	1512
"q"	799101.597032940	0	0	0	5340448	1672047305.972186519
"p"	799101.597033859	0.000002048	0.000002048	0	"00"	"00"	0	0	0	"IPv4 UDP [10.82.222.130]:60350->[10.82.222.129]:5001"	1512
"q"	799101.608247540	0	0	0	5347592	1672047305.972186519
"p"	799101.608248459	0.000002048	0.000002048	0	"00"	"00"	0	0	0	"IPv4 UDP [10.82.222.130]:60350->[10.82.222.129]:5001"	1512
"q"	799101.619483298	0	0	0	5365520	1672047305.972186519
"p"	799101.619484214	0.000002048	0.000002048	0	"00"	"00"	0	0	0	"IPv4 UDP [10.82.222.130]:60350->[10.82.222.129]:5001"	1512
"q"	799101.630680434	0	0	0	5376344	1672047305.972186519
"p"	799101.630681368	0.000002048	0.000002048	0	"00"	"00"	0	0	0	"IPv4 UDP [10.82.222.130]:60350->[10.82.222.129]:5001"	1512
"q"	799101.641896405	0	0	0	5383576	1672047305.972186519
"p"	799101.641897321	0.000002048	0.000002048	0	"00"	"00"	0	0	0	"IPv4 UDP [10.82.222.130]:60350->[10.82.222.129]:5001"	1512
"q"	799101.653137246	0	0	0	5394464	1672047305.972186519
"p"	799101.653138144	0.000001024	0.000001024	0	"00"	"00"	0	0	0	"IPv4 UDP [10.82.222.130]:60350->[10.82.222.129]:5001"	1512
"q"	799101.664405585	0	0	0	5401752	1672047305.972186519
"p"	799101.664406476	0.000002048	0.000001024	0	"00"	"00"	0	0	0	"IPv4 UDP [10.82.222.130]:60350->[10.82.222.129]:5001"	1512
"q"	799101.675543431	0	0	0	5412712	1672047305.972186519
"p"	799101.675544326	0.000002048	0.000001024	0	"00"	"00"	0	0	0	"IPv4 UDP [10.82.222.130]:60350->[10.82.222.129]:5001"	1512
"q"	799101.686733631	0	0	0	5420048	1672047305.972186519
"p"	799101.686734494	0.000001024	0.000001024	0	"00"	"00"	0	0	0	"IPv4 UDP [10.82.222.130]:60350->[10.82.222.129]:5001"	1512
"q"	799101.698023262	0	0	0	5431088	1672047305.972186519
"p"	799101.698024160	0.000001024	0.000001024	0	"00"	"00"	0	0	0	"IPv4 UDP [10.82.222.130]:60350->[10.82.222.129]:5001"	1512
"q"	799101.709179497	0	0	0	5449584	1672047305.972186519
"p"	799101.709180399	0.000002048	0.000002048	0	"00"	"00"	0	0	0	"IPv4 UDP [10.82.222.130]:60350->[10.82.222.129]:5001"	1512
"q"	799101.720400001	0	0	0	5457024	1672047305.972186519
"p"	799101.720400906	0.000002048	0.000002048	0	"00"	"00"	0	0	0	"IPv4 UDP [10.82.222.130]:60350->[10.82.222.129]:5001"	1512
"q"	799101.731669193	0	0	0	5464480	1672047305.972186519
"p"	799101.731670104	0.000002048	0.000002048	0	"00"	"00"	0	0	0	"IPv4 UDP [10.82.222.130]:60350->[10.82.222.129]:5001"	1512
"q"	799101.742872741	0	0	0	5475696	1672047305.972186519
"p"	799101.742873597	0.000002048	0.000001024	0	"00"	"00"	0	0	0	"IPv4 UDP [10.82.222.130]:60350->[10.82.222.129]:5001"	1512
"q"	799101.754006407	0	0	0	5483200	1672047305.972186519
"p"	799101.754007275	0.000001024	0.000001024	0	"00"	"00"	0	0	0	"IPv4 UDP [10.82.222.130]:60350->[10.82.222.129]:5001"	1512
"q"	799101.765282762	0	0	0	5494504	1672047305.972186519
"p"	799101.765283658	0.000002048	0.000001024	0	"00"	"00"	0	0	0	"IPv4 UDP [10.82.222.130]:60350->[10.82.222.129]:5001"	1512
"q"	799101.776479234	0	0	0	5502056	1672047305.972186519
"p"	799101.776480110	0.000002048	0.000001024	0	"00"	"00"	0	0	0	"IPv4 UDP [10.82.222.130]:60350->[10.82.222.129]:5001"	1512
"q"	799101.787698349	0	0	0	5509640	1672047305.972186519
"p"	799101.787699226	0.000002048	0.000002048	0	"00"	"00"	0	0	0	"IPv4 UDP [10.82.222.130]:60350->[10.82.222.129]:5001"	1512
"q"	799101.798937909	0	0	0	5528680	1672047305.972186519
"p"	799101.798938755	0.000002048	0.000002048	0	"00"	"00"	0	0	0	"IPv4 UDP [10.82.222.130]:60350->[10.82.222.129]:5001"	1512
"q"	799101.810138613	0	0	0	5536328	1672047305.972186519
"p"	799101.810139491	0.000002048	0.000002048	0	"00"	"00"	0	0	0	"IPv4 UDP [10.82.222.130]:60350->[10.82.222.129]:5001"	1512
"q"	799101.821340609	0	0	0	5547848	1672047305.972186519
"p"	799101.821341490	0.000002048	0.000001024	0	"00"	"00"	0	0	0	"IPv4 UDP [10.82.222.130]:60350->[10.82.222.129]:5001"	1512
"q"	799101.832550810	0	0	0	5555552	1672047305.972186519
"p"	799101.832551698	0.000002048	0.000002048	0	"00"	"00"	0	0	0	"IPv4 UDP [10.82.222.130]:60350->[10.82.222.129]:5001"	1512
"q"	799101.843773194	0	0	0	5563280	1672047305.972186519
"p"	799101.843774072	0.000002048	0.000002048	0	"00"	"00"	0	0	0	"IPv4 UDP [10.82.222.130]:60350->[10.82.222.129]:5001"	1512
"q"	799101.854986449	0	0	0	5574912	1672047305.972186519
"p"	799101.854987327	0.000002048	0.000002048	0	"00"	"00"	0	0	0	"IPv4 UDP [10.82.222.130]:60350->[10.82.222.129]:5001"	1512
"q"	799101.866217341	0	0	0	5582688	1672047305.972186519
"p"	799101.866218219	0.000001024	0.000001024	0	"00"	"00"	0	0	0	"IPv4 UDP [10.82.222.130]:60350->[10.82.222.129]:5001"	1512
"q"	799101.877411419	0	0	0	5590496	1672047305.972186519
"p"	799101.877412307	0.000002048	0.000002048	0	"00"	"00"	0	0	0	"IPv4 UDP [10.82.222.130]:60350->[10.82.222.129]:5001"	1512
"q"	799101.888785351	0	0	0	5602240	1672047305.972186519
"p"	799101.888786314	0.000002048	0.000001024	0	"00"	"00"	0	0	0	"IPv4 UDP [10.82.222.130]:60350->[10.82.222.129]:5001"	1512
"q"	799101.899927711	0	0	0	5617976	1672047305.972186519
"p"	799101.899928622	0.000002048	0.000002048	0	"00"	"00"	0	0	0	"IPv4 UDP [10.82.222.130]:60350->[10.82.222.129]:5001"	1512
"q"	799101.911158195	0	0	0	5629832	1672047305.972186519
"p"	799101.911159035	0.000002048	0.000002048	0	"00"	"00"	0	0	0	"IPv4 UDP [10.82.222.130]:60350->[10.82.222.129]:5001"	1512
"q"	799101.922366576	0	0	0	5637768	1672047305.972186519
"p"	799101.922367431	0.000002048	0.000001024	0	"00"	"00"	0	0	0	"IPv4 UDP [10.82.222.130]:60350->[10.82.222.129]:5001"	1512
"q"	799101.933578252	0	0	0	5645728	1672047305.972186519
"p"	799101.933579098	0.000002048	0.000001024	0	"00"	"00"	0	0	0	"IPv4 UDP [10.82.222.130]:60350->[10.82.222.129]:5001"	1512
"q"	799101.944677648	0	0	0	5653704	1672047305.972186519
"p"	799101.944678494	0.000002048	0.000002048	0	"00"	"00"	0	0	0	"IPv4 UDP [10.82.222.130]:60350->[10.82.222.129]:5001"	1512
"q"	799101.955970548	0	0	0	5665720	1672047305.972186519
"p"	799101.955971420	0.000002048	0.000002048	0	"00"	"00"	0	0	0	"IPv4 UDP [10.82.222.130]:60350->[10.82.222.129]:5001"	1512
"q"	799101.967139247	0	0	0	5673752	1672047305.972186519
"p"	799101.967140123	0.000002048	0.000002048	0	"00"	"00"	0	0	0	"IPv4 UDP [10.82.222.130]:60350->[10.82.222.129]:5001"	1512
"q"	799101.978354075	0	0	0	5681816	1672047305.972186519
"p"	799101.978354943	0.000002048	0.000002048	0	"00"	"00"	0	0	0	"IPv4 UDP [10.82.222.130]:60350->[10.82.222.129]:5001"	1512
"q"	799101.989636448	0	0	0	5698000	1672047305.972186519
"p"	799101.989637354	0.000002048	0.000002048	0	"00"	"00"	0	0	0	"IPv4 UDP [10.82.222.130]:60350->[10.82.222.129]:5001"	1512
"q"	799102.000853058	0	0	0	5710200	1672047305.972186519
"p"	799102.000853959	0.000002048	0.000001024	0	"00"	"00"	0	0	0	"IPv4 UDP [10.82.222.130]:60350->[10.82.222.129]:5001"	1512
"q"	799102.012056688	0	0	0	5718368	1672047305.972186519
"p"	799102.012057604	0.000002048	0.000002048	0	"00"	"00"	0	0	0	"IPv4 UDP [10.82.222.130]:60350->[10.82.222.129]:5001"	1512
"q"	799102.023310270	0	0	0	5726552	1672047305.972186519
"p"	799102.023311133	0.000002048	0.000001024	0	"00"	"00"	0	0	0	"IPv4 UDP [10.82.222.130]:60350->[10.82.222.129]:5001"	1512
"q"	799102.034512529	0	0	0	5734760	1672047305.972186519
"p"	799102.034513402	0.000002048	0.000002048	0	"00"	"00"	0	0	0	"IPv4 UDP [10.82.222.130]:60350->[10.82.222.129]:5001"	1512
"q"	799102.045752283	0	0	0	5743000	1672047305.972186519
"p"	799102.045753174	0.000002048	0.000001024	0	"00"	"00"	0	0	0	"IPv4 UDP [10.82.222.130]:60350->[10.82.222.129]:5001"	1512
"q"	799102.056899709	0	0	0	5755392	1672047305.972186519
"p"	799102.056900592	0.000002048	0.000001024	0	"00"	"00"	0	0	0	"IPv4 UDP [10.82.222.130]:60350->[10.82.222.129]:5001"	1512
"q"	799102.068156669	0	0	0	5763688	1672047305.972186519
"p"	799102.068157547	0.000002048	0.000002048	0	"00"	"00"	0	0	0	"IPv4 UDP [10.82.222.130]:60350->[10.82.222.129]:5001"	1512
"q"	799102.079370878	0	0	0	5780344	1672047305.972186519
"p"	799102.079371739	0.000002048	0.000002048	0	"00"	"00"	0	0	0	"IPv4 UDP [10.82.222.130]:60350->[10.82.222.129]:5001"	1512
"q"	799102.090556178	0	0	0	5788712	1672047305.972186519
"p"	799102.090557053	0.000001024	0.000001024	0	"00"	"00"	0	0	0	"IPv4 UDP [10.82.222.130]:60350->[10.82.222.129]:5001"	1512
"q"	799102.101797743	0	0	0	5797096	1672047305.972186519
"p"	799102.101798621	0.000001024	0.000001024	0	"00"	"00"	0	0	0	"IPv4 UDP [10.82.222.130]:60350->[10.82.222.129]:5001"	1512
"q"	799102.113006869	0	0	0	5809728	1672047305.972186519
"p"	799102.113007725	0.000002048	0.000002048	0	"00"	"00"	0	0	0	"IPv4 UDP [10.82.222.130]:60350->[10.82.222.129]:5001"	1512
"q"	799102.124197063	0	0	0	5818176	1672047305.972186519
"p"	799102.124197939	0.000002048	0.000002048	0	"00"	"00"	0	0	0	"IPv4 UDP [10.82.222.130]:60350->[10.82.222.129]:5001"	1512
"q"	799102.135416254	0	0	0	5826656	1672047305.972186519
"p"	799102.135417145	0.000002048	0.000002048	0	"00"	"00"	0	0	0	"IPv4 UDP [10.82.222.130]:60350->[10.82.222.129]:5001"	1512
"q"	799102.146657016	0	0	0	5835152	1672047305.972186519
"p"	799102.146657910	0.000002048	0.000002048	0	"00"	"00"	0	0	0	"IPv4 UDP [10.82.222.130]:60350->[10.82.222.129]:5001"	1512
"q"	799102.157863167	0	0	0	5843680	1672047305.972186519
"p"	799102.157864070	0.000002048	0.000002048	0	"00"	"00"	0	0	0	"IPv4 UDP [10.82.222.130]:60350->[10.82.222.129]:5001"	1512
"q"	799102.169096854	0	0	0	5860800	1672047305.972186519
"p"	799102.169097750	0.000002048	0.000002048	0	"00"	"00"	0	0	0	"IPv4 UDP [10.82.222.130]:60350->[10.82.222.129]:5001"	1512
"q"	799102.180277848	0	0	0	5869400	1672047305.972186519
"p"	799102.180278751	0.000002048	0.000002048	0	"00"	"00"	0	0	0	"IPv4 UDP [10.82.222.130]:60350->[10.82.222.129]:5001"	1512
"q"	799102.191524289	0	0	0	5878024	1672047305.972186519
"p"	799102.191525167	0.000002048	0.000002048	0	"00"	"00"	0	0	0	"IPv4 UDP [10.82.222.130]:60350->[10.82.222.129]:5001"	1512
"q"	799102.202806458	0	0	0	5891016	1672047305.972186519
"p"	799102.202807336	0.000002048	0.000002048	0	"00"	"00"	0	0	0	"IPv4 UDP [10.82.222.130]:60350->[10.82.222.129]:5001"	1512
"q"	799102.213916144	0	0	0	5899704	1672047305.972186519
"p"	799102.213917027	0.000002048	0.000002048	0	"00"	"00"	0	0	0	"IPv4 UDP [10.82.222.130]:60350->[10.82.222.129]:5001"	1512
"q"	799102.225137750	0	0	0	5908416	1672047305.972186519
"p"	799102.225138650	0.000002048	0.000001024	0	"00"	"00"	0	0	0	"IPv4 UDP [10.82.222.130]:60350->[10.82.222.129]:5001"	1512
"q"	799102.236349731	0	0	0	5917152	1672047305.972186519
"p"	799102.236350652	0.000002048	0.000002048	0	"00"	"00"	0	0	0	"IPv4 UDP [10.82.222.130]:60350->[10.82.222.129]:5001"	1512
"q"	799102.247553372	0	0	0	5925920	1672047305.972186519
"p"	799102.247554253	0.000002048	0.000002048	0	"00"	"00"	0	0	0	"IPv4 UDP [10.82.222.130]:60350->[10.82.222.129]:5001"	1512
"q"	799102.258799224	0	0	0	5934712	1672047305.972186519
"p"	799102.258800110	0.000002048	0.000002048	0	"00"	"00"	0	0	0	"IPv4 UDP [10.82.222.130]:60350->[10.82.222.129]:5001"	1512
"q"	799102.269945737	0	0	0	5952376	1672047305.972186519
"p"	799102.269946654	0.000002048	0.000001024	0	"00"	"00"	0	0	0	"IPv4 UDP [10.82.222.130]:60350->[10.82.222.129]:5001"	1512
